Combination,Feature,Percentage,Algorithm,FeatureSet,TranslatedFeatureSet,MAE,MAPE,MAE (‰)
combination_1_ABCD,A (δ13C coll),10,KNN,A,δ13C coll,1.6181176624852838,9.105623646148034,-82.69145799694395
combination_1_ABCD,A (δ13C coll),10,SVM,A,δ13C coll,1.665898690473751,9.652710374725995,-85.13323523018336
combination_1_ABCD,A (δ13C coll),10,RandomForest,A,δ13C coll,1.8108611639939056,10.28118752241961,-92.54132338603092
combination_1_ABCD,A (δ13C coll),10,RandomForest_MICE,A,δ13C coll,1.769142593188,10.011427098240434,-90.40935886610193
combination_1_ABCD,A (δ13C coll),10,HybridKNN_RF,A,δ13C coll,1.8219829506353278,10.352418305550891,-93.10968548616249
combination_1_ABCD,A (δ13C coll),10,KNN,AB,δ13C coll_δ15N coll,1.6010883363780295,9.044416108363807,-81.82120001931862
combination_1_ABCD,A (δ13C coll),10,SVM,AB,δ13C coll_δ15N coll,1.668238834082723,9.683452379498798,-85.25282473311908
combination_1_ABCD,A (δ13C coll),10,RandomForest,AB,δ13C coll_δ15N coll,1.835810623928967,10.385303434820955,-93.816327834779
combination_1_ABCD,A (δ13C coll),10,RandomForest_MICE,AB,δ13C coll_δ15N coll,1.761766270490805,10.027997746751039,-90.03240304105385
combination_1_ABCD,A (δ13C coll),10,HybridKNN_RF,AB,δ13C coll_δ15N coll,1.8169525117525271,10.329915315154448,-92.85261250857421
combination_1_ABCD,A (δ13C coll),10,KNN,AC,δ13C coll_δ13C carb,1.8221410697032436,10.44600366502903,-93.11776592219395
combination_1_ABCD,A (δ13C coll),10,SVM,AC,δ13C coll_δ13C carb,1.7329708547102414,10.012066524547702,-88.56085683046135
combination_1_ABCD,A (δ13C coll),10,RandomForest,AC,δ13C coll_δ13C carb,1.79194504087631,10.181799086026498,-91.57464349833896
combination_1_ABCD,A (δ13C coll),10,RandomForest_MICE,AC,δ13C coll_δ13C carb,1.8405459179149937,10.458843783218573,-94.05831787841234
combination_1_ABCD,A (δ13C coll),10,HybridKNN_RF,AC,δ13C coll_δ13C carb,1.8659643428327874,10.545377282872746,-95.35728807394801
combination_1_ABCD,A (δ13C coll),10,KNN,AD,δ13C coll_δ18O carb,1.5911738846263142,8.998711054511835,-81.31453694431671
combination_1_ABCD,A (δ13C coll),10,SVM,AD,δ13C coll_δ18O carb,1.6552939388976042,9.57044445743019,-84.59129542576885
combination_1_ABCD,A (δ13C coll),10,RandomForest,AD,δ13C coll_δ18O carb,1.8099071180144235,10.270507702815099,-92.49256830791236
combination_1_ABCD,A (δ13C coll),10,RandomForest_MICE,AD,δ13C coll_δ18O carb,1.7930083481102603,10.174020844017267,-91.62898220776198
combination_1_ABCD,A (δ13C coll),10,HybridKNN_RF,AD,δ13C coll_δ18O carb,1.821028414931191,10.40100822440717,-93.06090538140549
combination_1_ABCD,A (δ13C coll),10,KNN,ABC,δ13C coll_δ15N coll_δ13C carb,1.7905599119067919,10.15235015619514,-91.50385857542591
combination_1_ABCD,A (δ13C coll),10,SVM,ABC,δ13C coll_δ15N coll_δ13C carb,1.727027389373697,9.956235707517077,-88.25712501563257
combination_1_ABCD,A (δ13C coll),10,RandomForest,ABC,δ13C coll_δ15N coll_δ13C carb,1.8841120239486984,10.521469264554733,-96.28469789433981
combination_1_ABCD,A (δ13C coll),10,RandomForest_MICE,ABC,δ13C coll_δ15N coll_δ13C carb,1.853329053749037,10.37022144687974,-94.71158071856112
combination_1_ABCD,A (δ13C coll),10,HybridKNN_RF,ABC,δ13C coll_δ15N coll_δ13C carb,1.8884047032030211,10.554162872661744,-96.5040687809464
combination_1_ABCD,A (δ13C coll),10,KNN,ABD,δ13C coll_δ15N coll_δ18O carb,1.618249716640279,9.166157074557741,-82.6982064249874
combination_1_ABCD,A (δ13C coll),10,SVM,ABD,δ13C coll_δ15N coll_δ18O carb,1.6721906449439974,9.712913962212102,-85.4547760555866
combination_1_ABCD,A (δ13C coll),10,RandomForest,ABD,δ13C coll_δ15N coll_δ18O carb,1.8716582531496495,10.569814917918606,-95.64826675659955
combination_1_ABCD,A (δ13C coll),10,RandomForest_MICE,ABD,δ13C coll_δ15N coll_δ18O carb,1.8286361012056989,10.421713099669915,-93.44968469245767
combination_1_ABCD,A (δ13C coll),10,HybridKNN_RF,ABD,δ13C coll_δ15N coll_δ18O carb,1.815130735639184,10.343536983942908,-92.7595133931953
combination_1_ABCD,A (δ13C coll),10,KNN,ACD,δ13C coll_δ13C carb_δ18O carb,1.8125499918808106,10.45297628575766,-92.62762838319632
combination_1_ABCD,A (δ13C coll),10,SVM,ACD,δ13C coll_δ13C carb_δ18O carb,1.7251157725213386,9.9742551533599,-88.15943472504502
combination_1_ABCD,A (δ13C coll),10,RandomForest,ACD,δ13C coll_δ13C carb_δ18O carb,1.8313127621521201,10.37775838601399,-93.58647140541098
combination_1_ABCD,A (δ13C coll),10,RandomForest_MICE,ACD,δ13C coll_δ13C carb_δ18O carb,1.8858865888036391,10.61013414238453,-96.37538434969917
combination_1_ABCD,A (δ13C coll),10,HybridKNN_RF,ACD,δ13C coll_δ13C carb_δ18O carb,1.9629456228230435,11.046781891551115,-100.31336983903229
combination_1_ABCD,A (δ13C coll),10,KNN,ABCD,δ13C coll_δ15N coll_δ13C carb_δ18O carb,1.844394293427516,10.42956618706326,-94.25498329368347
combination_1_ABCD,A (δ13C coll),10,SVM,ABCD,δ13C coll_δ15N coll_δ13C carb_δ18O carb,1.6981246192865345,9.77021455710128,-86.78009262542489
combination_1_ABCD,A (δ13C coll),10,RandomForest,ABCD,δ13C coll_δ15N coll_δ13C carb_δ18O carb,1.9003811615734918,10.620009381783586,-97.11610758829298
combination_1_ABCD,A (δ13C coll),10,RandomForest_MICE,ABCD,δ13C coll_δ15N coll_δ13C carb_δ18O carb,1.8913989105265316,10.567337994145126,-96.6570832216552
combination_1_ABCD,A (δ13C coll),10,HybridKNN_RF,ABCD,δ13C coll_δ15N coll_δ13C carb_δ18O carb,1.9349129819754007,10.806367368761794,-98.88080408875432
combination_1_ABCD,A (δ13C coll),15,KNN,A,δ13C coll,1.6318697821671506,9.222746956927804,-83.3942392924002
combination_1_ABCD,A (δ13C coll),15,SVM,A,δ13C coll,1.6910273298685847,9.728836610505118,-86.41739637446427
combination_1_ABCD,A (δ13C coll),15,RandomForest,A,δ13C coll,1.8000909674367196,10.102514305032795,-91.990928765865
combination_1_ABCD,A (δ13C coll),15,RandomForest_MICE,A,δ13C coll,1.8035173370343123,10.138417491679233,-92.16602820654855
combination_1_ABCD,A (δ13C coll),15,HybridKNN_RF,A,δ13C coll,1.7996881250425996,10.09430196928228,-91.97034211405031
combination_1_ABCD,A (δ13C coll),15,KNN,AB,δ13C coll_δ15N coll,1.5917433770907454,9.021399029165762,-81.34363999614902
combination_1_ABCD,A (δ13C coll),15,SVM,AB,δ13C coll_δ15N coll,1.694151032631046,9.820499761309424,-86.57702848389954
combination_1_ABCD,A (δ13C coll),15,RandomForest,AB,δ13C coll_δ15N coll,1.8057531880155941,10.177796902881068,-92.28028799234318
combination_1_ABCD,A (δ13C coll),15,RandomForest_MICE,AB,δ13C coll_δ15N coll,1.8193940394498302,10.252063545921299,-92.97738309214216
combination_1_ABCD,A (δ13C coll),15,HybridKNN_RF,AB,δ13C coll_δ15N coll,1.807677960236645,10.1323676139419,-92.37865056816862
combination_1_ABCD,A (δ13C coll),15,KNN,AC,δ13C coll_δ13C carb,1.9304878259654576,11.00881762542889,-98.65466317773793
combination_1_ABCD,A (δ13C coll),15,SVM,AC,δ13C coll_δ13C carb,1.772474525948088,10.309257506496776,-90.5796322549087
combination_1_ABCD,A (δ13C coll),15,RandomForest,AC,δ13C coll_δ13C carb,1.7971188900597284,10.079850836751309,-91.83904524263241
combination_1_ABCD,A (δ13C coll),15,RandomForest_MICE,AC,δ13C coll_δ13C carb,1.832974958321408,10.251053842231807,-93.67141542889087
combination_1_ABCD,A (δ13C coll),15,HybridKNN_RF,AC,δ13C coll_δ13C carb,1.8591620032988463,10.362689967916841,-95.00966479110966
combination_1_ABCD,A (δ13C coll),15,KNN,AD,δ13C coll_δ18O carb,1.6311606411619568,9.166382071830121,-83.35799971291571
combination_1_ABCD,A (δ13C coll),15,SVM,AD,δ13C coll_δ18O carb,1.6684862435941696,9.610875308885605,-85.26546822234002
combination_1_ABCD,A (δ13C coll),15,RandomForest,AD,δ13C coll_δ18O carb,1.7742953410091982,9.957945412917129,-90.67268225716548
combination_1_ABCD,A (δ13C coll),15,RandomForest_MICE,AD,δ13C coll_δ18O carb,1.8329815228192872,10.350728536337419,-93.67175089763532
combination_1_ABCD,A (δ13C coll),15,HybridKNN_RF,AD,δ13C coll_δ18O carb,1.8319361330238972,10.336884097391202,-93.6183278318348
combination_1_ABCD,A (δ13C coll),15,KNN,ABC,δ13C coll_δ15N coll_δ13C carb,1.926848205400837,11.081691331577096,-98.46866586862885
combination_1_ABCD,A (δ13C coll),15,SVM,ABC,δ13C coll_δ15N coll_δ13C carb,1.8178471198449393,10.50692129803521,-92.8983301032909
combination_1_ABCD,A (δ13C coll),15,RandomForest,ABC,δ13C coll_δ15N coll_δ13C carb,1.9372188485774609,10.760515243368987,-98.99864191704793
combination_1_ABCD,A (δ13C coll),15,RandomForest_MICE,ABC,δ13C coll_δ15N coll_δ13C carb,1.9947948300481202,11.091266588226828,-101.94097544679961
combination_1_ABCD,A (δ13C coll),15,HybridKNN_RF,ABC,δ13C coll_δ15N coll_δ13C carb,2.0035355109120903,11.178630479486277,-102.38765473427338
combination_1_ABCD,A (δ13C coll),15,KNN,ABD,δ13C coll_δ15N coll_δ18O carb,1.6475255735492573,9.299917918124871,-84.19430485345093
combination_1_ABCD,A (δ13C coll),15,SVM,ABD,δ13C coll_δ15N coll_δ18O carb,1.6709434320680725,9.651223834104385,-85.39103912623105
combination_1_ABCD,A (δ13C coll),15,RandomForest,ABD,δ13C coll_δ15N coll_δ18O carb,1.7988651641608673,10.075150003717381,-91.928285941769
combination_1_ABCD,A (δ13C coll),15,RandomForest_MICE,ABD,δ13C coll_δ15N coll_δ18O carb,1.8395209780326887,10.343885136151025,-94.00593987451809
combination_1_ABCD,A (δ13C coll),15,HybridKNN_RF,ABD,δ13C coll_δ15N coll_δ18O carb,1.7830964445057866,9.94665158987078,-91.12244935197434
combination_1_ABCD,A (δ13C coll),15,KNN,ACD,δ13C coll_δ13C carb_δ18O carb,1.950131016303385,11.12331630627133,-99.65849873705064
combination_1_ABCD,A (δ13C coll),15,SVM,ACD,δ13C coll_δ13C carb_δ18O carb,1.7483071853773737,10.147650859722727,-89.34459683441175
combination_1_ABCD,A (δ13C coll),15,RandomForest,ACD,δ13C coll_δ13C carb_δ18O carb,1.8111217927828036,10.108875221810655,-92.5546424264503
combination_1_ABCD,A (δ13C coll),15,RandomForest_MICE,ACD,δ13C coll_δ13C carb_δ18O carb,1.9154214994070276,10.626633856357937,-97.88472132575843
combination_1_ABCD,A (δ13C coll),15,HybridKNN_RF,ACD,δ13C coll_δ13C carb_δ18O carb,2.0029206502610455,11.19318737944667,-102.35623320982025
combination_1_ABCD,A (δ13C coll),15,KNN,ABCD,δ13C coll_δ15N coll_δ13C carb_δ18O carb,1.935004935318093,10.98701691315065,-98.88550322538151
combination_1_ABCD,A (δ13C coll),15,SVM,ABCD,δ13C coll_δ15N coll_δ13C carb_δ18O carb,1.8178046244264923,10.479512462809813,-92.89615843914618
combination_1_ABCD,A (δ13C coll),15,RandomForest,ABCD,δ13C coll_δ15N coll_δ13C carb_δ18O carb,1.9217152080276705,10.624053338266485,-98.20635179436697
combination_1_ABCD,A (δ13C coll),15,RandomForest_MICE,ABCD,δ13C coll_δ15N coll_δ13C carb_δ18O carb,2.098013502126529,11.59433800619089,-107.21580970919968
combination_1_ABCD,A (δ13C coll),15,HybridKNN_RF,ABCD,δ13C coll_δ15N coll_δ13C carb_δ18O carb,2.048267496932893,11.345117225102285,-104.67361528517539
combination_1_ABCD,A (δ13C coll),20,KNN,A,δ13C coll,1.7439948377053525,9.540076743416686,-89.12422082303969
combination_1_ABCD,A (δ13C coll),20,SVM,A,δ13C coll,1.7267880950237462,9.631522784147108,-88.24489623947703
combination_1_ABCD,A (δ13C coll),20,RandomForest,A,δ13C coll,1.8122604871882175,9.908496333043185,-92.6128336833531
combination_1_ABCD,A (δ13C coll),20,RandomForest_MICE,A,δ13C coll,1.8396769675631517,10.07917413387563,-94.01391148375598
combination_1_ABCD,A (δ13C coll),20,HybridKNN_RF,A,δ13C coll,1.8136309851174712,9.91115102552403,-92.68287090906246
combination_1_ABCD,A (δ13C coll),20,KNN,AB,δ13C coll_δ15N coll,1.7446004846758523,9.501563791251744,-89.15517149627142
combination_1_ABCD,A (δ13C coll),20,SVM,AB,δ13C coll_δ15N coll,1.7746886305521385,9.955894975429274,-90.69278072495597
combination_1_ABCD,A (δ13C coll),20,RandomForest,AB,δ13C coll_δ15N coll,1.8282162823012011,9.977650858657793,-93.42823048173342
combination_1_ABCD,A (δ13C coll),20,RandomForest_MICE,AB,δ13C coll_δ15N coll,1.82869266357534,9.981766409284239,-93.45257522688655
combination_1_ABCD,A (δ13C coll),20,HybridKNN_RF,AB,δ13C coll_δ15N coll,1.823346128378379,9.951975241243995,-93.17934862481754
combination_1_ABCD,A (δ13C coll),20,KNN,AC,δ13C coll_δ13C carb,2.0470521082847553,11.324835357965386,-104.61150468489116
combination_1_ABCD,A (δ13C coll),20,SVM,AC,δ13C coll_δ13C carb,1.869002791402964,10.448846950568385,-95.51256339671454
combination_1_ABCD,A (δ13C coll),20,RandomForest,AC,δ13C coll_δ13C carb,1.9165382522973604,10.48081535410245,-97.94179129468893
combination_1_ABCD,A (δ13C coll),20,RandomForest_MICE,AC,δ13C coll_δ13C carb,1.970195674394986,10.680348517911575,-100.68387276903316
combination_1_ABCD,A (δ13C coll),20,HybridKNN_RF,AC,δ13C coll_δ13C carb,2.0249631225490217,11.03557321378932,-103.48268044762523
combination_1_ABCD,A (δ13C coll),20,KNN,AD,δ13C coll_δ18O carb,1.7365930332538422,9.474722721875569,-88.74596279144292
combination_1_ABCD,A (δ13C coll),20,SVM,AD,δ13C coll_δ18O carb,1.6988680134483496,9.457837484193792,-86.81808266071842
combination_1_ABCD,A (δ13C coll),20,RandomForest,AD,δ13C coll_δ18O carb,1.804166190021323,9.844431731537831,-92.19918685796526
combination_1_ABCD,A (δ13C coll),20,RandomForest_MICE,AD,δ13C coll_δ18O carb,1.8341501831611022,10.106642820155558,-93.73147351843625
combination_1_ABCD,A (δ13C coll),20,HybridKNN_RF,AD,δ13C coll_δ18O carb,1.858074538111643,10.208851189830314,-94.95409152599082
combination_1_ABCD,A (δ13C coll),20,KNN,ABC,δ13C coll_δ15N coll_δ13C carb,2.1290614131778836,12.014727722032415,-108.80246628685092
combination_1_ABCD,A (δ13C coll),20,SVM,ABC,δ13C coll_δ15N coll_δ13C carb,1.9588761878134602,11.063877391324864,-100.10540751220779
combination_1_ABCD,A (δ13C coll),20,RandomForest,ABC,δ13C coll_δ15N coll_δ13C carb,2.0955148337138563,11.503943480928845,-107.08811903571831
combination_1_ABCD,A (δ13C coll),20,RandomForest_MICE,ABC,δ13C coll_δ15N coll_δ13C carb,2.1085684340001767,11.575895103906273,-107.75520355300074
combination_1_ABCD,A (δ13C coll),20,HybridKNN_RF,ABC,δ13C coll_δ15N coll_δ13C carb,2.0711100282635586,11.243828256395274,-105.84094833138442
combination_1_ABCD,A (δ13C coll),20,KNN,ABD,δ13C coll_δ15N coll_δ18O carb,1.7620752022610844,9.557358370639523,-90.04819053234588
combination_1_ABCD,A (δ13C coll),20,SVM,ABD,δ13C coll_δ15N coll_δ18O carb,1.7320792067111577,9.666350142957613,-88.5152905068412
combination_1_ABCD,A (δ13C coll),20,RandomForest,ABD,δ13C coll_δ15N coll_δ18O carb,1.803225547044983,9.820619427846069,-92.15111672006894
combination_1_ABCD,A (δ13C coll),20,RandomForest_MICE,ABD,δ13C coll_δ15N coll_δ18O carb,1.834315814807454,9.992751239961231,-93.73993787343639
combination_1_ABCD,A (δ13C coll),20,HybridKNN_RF,ABD,δ13C coll_δ15N coll_δ18O carb,1.8406700936892773,10.102405569114222,-94.06466369371458
combination_1_ABCD,A (δ13C coll),20,KNN,ACD,δ13C coll_δ13C carb_δ18O carb,2.0091121436142023,11.080096951315321,-102.67264012164183
combination_1_ABCD,A (δ13C coll),20,SVM,ACD,δ13C coll_δ13C carb_δ18O carb,1.8440909548439524,10.287432749041002,-94.23948163374665
combination_1_ABCD,A (δ13C coll),20,RandomForest,ACD,δ13C coll_δ13C carb_δ18O carb,1.9411598392688714,10.606592260290837,-99.20004029108495
combination_1_ABCD,A (δ13C coll),20,RandomForest_MICE,ACD,δ13C coll_δ13C carb_δ18O carb,2.0032791273405763,10.906627436269472,-102.37455263927346
combination_1_ABCD,A (δ13C coll),20,HybridKNN_RF,ACD,δ13C coll_δ13C carb_δ18O carb,1.9953925699743862,10.816619295917207,-101.97152204248414
combination_1_ABCD,A (δ13C coll),20,KNN,ABCD,δ13C coll_δ15N coll_δ13C carb_δ18O carb,2.0898524219913193,11.65643544510245,-106.7987500411321
combination_1_ABCD,A (δ13C coll),20,SVM,ABCD,δ13C coll_δ15N coll_δ13C carb_δ18O carb,1.9508106438333523,10.988643816919529,-99.69323007498163
combination_1_ABCD,A (δ13C coll),20,RandomForest,ABCD,δ13C coll_δ15N coll_δ13C carb_δ18O carb,2.0683845810530537,11.383197173026337,-105.70166847012625
combination_1_ABCD,A (δ13C coll),20,RandomForest_MICE,ABCD,δ13C coll_δ15N coll_δ13C carb_δ18O carb,2.095123295884118,11.341968377902038,-107.068110086584
combination_1_ABCD,A (δ13C coll),20,HybridKNN_RF,ABCD,δ13C coll_δ15N coll_δ13C carb_δ18O carb,2.1211464609609605,11.438883819387978,-108.39798461412246
combination_1_ABCD,B (δ15N coll),10,KNN,B,δ15N coll,1.8736630349531116,28.524240858214398,200.47050546255258
combination_1_ABCD,B (δ15N coll),10,SVM,B,δ15N coll,1.8504752118927752,28.157753906863597,197.98954996374368
combination_1_ABCD,B (δ15N coll),10,RandomForest,B,δ15N coll,2.063581654538753,31.70723362707263,220.79063824781434
combination_1_ABCD,B (δ15N coll),10,RandomForest_MICE,B,δ15N coll,2.075975507368164,31.790648114244004,222.11670483235508
combination_1_ABCD,B (δ15N coll),10,HybridKNN_RF,B,δ15N coll,2.1090658797142052,32.38817098312991,225.65717264668697
combination_1_ABCD,B (δ15N coll),10,KNN,AB,δ13C coll_δ15N coll,0.2982226054479763,7.6813824709443805,31.90799804406202
combination_1_ABCD,B (δ15N coll),10,SVM,AB,δ13C coll_δ15N coll,0.2926821301294277,7.486218914368678,31.315201011248682
combination_1_ABCD,B (δ15N coll),10,RandomForest,AB,δ13C coll_δ15N coll,0.33286408598589123,8.375792238094498,35.614424964941506
combination_1_ABCD,B (δ15N coll),10,RandomForest_MICE,AB,δ13C coll_δ15N coll,0.3498722466203875,8.591093074361076,37.43419431288677
combination_1_ABCD,B (δ15N coll),10,HybridKNN_RF,AB,δ13C coll_δ15N coll,0.33356673056469005,8.47912088234732,35.6896036450161
combination_1_ABCD,B (δ15N coll),10,KNN,BC,δ15N coll_δ13C carb,1.8247202817358825,28.545186706923296,195.23392967856566
combination_1_ABCD,B (δ15N coll),10,SVM,BC,δ15N coll_δ13C carb,1.8460783890509087,28.092178495245427,197.51911676359234
combination_1_ABCD,B (δ15N coll),10,RandomForest,BC,δ15N coll_δ13C carb,2.0817822420167857,32.18797607263686,222.7379899878928
combination_1_ABCD,B (δ15N coll),10,RandomForest_MICE,BC,δ15N coll_δ13C carb,2.0682497474120094,32.43619630471017,221.2900956851391
combination_1_ABCD,B (δ15N coll),10,HybridKNN_RF,BC,δ15N coll_δ13C carb,2.0955633009783625,32.857938998042734,224.2124791592638
combination_1_ABCD,B (δ15N coll),10,KNN,BD,δ15N coll_δ18O carb,1.8820124032801526,29.142472334163994,201.36383689813636
combination_1_ABCD,B (δ15N coll),10,SVM,BD,δ15N coll_δ18O carb,1.8711351873119308,28.996840863816875,200.2000411982178
combination_1_ABCD,B (δ15N coll),10,RandomForest,BD,δ15N coll_δ18O carb,2.058277380125541,31.901763115258056,220.2231132697943
combination_1_ABCD,B (δ15N coll),10,RandomForest_MICE,BD,δ15N coll_δ18O carb,2.0671128700929655,31.594459509409823,221.16845675298003
combination_1_ABCD,B (δ15N coll),10,HybridKNN_RF,BD,δ15N coll_δ18O carb,2.063150301343726,31.660181608024736,220.74448608948765
combination_1_ABCD,B (δ15N coll),10,KNN,ABC,δ13C coll_δ15N coll_δ13C carb,0.2858891556042707,7.330375978099849,30.588394210213327
combination_1_ABCD,B (δ15N coll),10,SVM,ABC,δ13C coll_δ15N coll_δ13C carb,0.280779629870824,7.3649820272317665,30.041706151928818
combination_1_ABCD,B (δ15N coll),10,RandomForest,ABC,δ13C coll_δ15N coll_δ13C carb,0.3309738783168233,8.488264965669222,35.41218428463865
combination_1_ABCD,B (δ15N coll),10,RandomForest_MICE,ABC,δ13C coll_δ15N coll_δ13C carb,0.31815913185564054,8.115225074647235,34.04108465118078
combination_1_ABCD,B (δ15N coll),10,HybridKNN_RF,ABC,δ13C coll_δ15N coll_δ13C carb,0.3453605568140299,9.10953795397807,36.9514710488323
combination_1_ABCD,B (δ15N coll),10,KNN,ABD,δ13C coll_δ15N coll_δ18O carb,0.2944381297446515,8.23099423529052,31.50308224917083
combination_1_ABCD,B (δ15N coll),10,SVM,ABD,δ13C coll_δ15N coll_δ18O carb,0.29468524672482266,7.643118302303482,31.52952225732552
combination_1_ABCD,B (δ15N coll),10,RandomForest,ABD,δ13C coll_δ15N coll_δ18O carb,0.3477714394170395,8.750980389364901,37.20942076818955
combination_1_ABCD,B (δ15N coll),10,RandomForest_MICE,ABD,δ13C coll_δ15N coll_δ18O carb,0.3514762554703041,8.93807667343972,37.605813466870465
combination_1_ABCD,B (δ15N coll),10,HybridKNN_RF,ABD,δ13C coll_δ15N coll_δ18O carb,0.3044012385011979,8.67616109510249,32.56907405834009
combination_1_ABCD,B (δ15N coll),10,KNN,BCD,δ15N coll_δ13C carb_δ18O carb,1.9063831177688466,30.282383766684763,203.97135455787088
combination_1_ABCD,B (δ15N coll),10,SVM,BCD,δ15N coll_δ13C carb_δ18O carb,1.8564814449481244,28.678588334791574,198.63218023080333
combination_1_ABCD,B (δ15N coll),10,RandomForest,BCD,δ15N coll_δ13C carb_δ18O carb,2.102825488655592,32.62101519161866,224.98948890288327
combination_1_ABCD,B (δ15N coll),10,RandomForest_MICE,BCD,δ15N coll_δ13C carb_δ18O carb,2.1074621062801944,33.254051605453824,225.4855786807679
combination_1_ABCD,B (δ15N coll),10,HybridKNN_RF,BCD,δ15N coll_δ13C carb_δ18O carb,2.135828479478749,33.57637504222531,228.52060742775708
combination_1_ABCD,B (δ15N coll),10,KNN,ABCD,δ13C coll_δ15N coll_δ13C carb_δ18O carb,0.309067194819957,7.836696923425114,33.06830289737797
combination_1_ABCD,B (δ15N coll),10,SVM,ABCD,δ13C coll_δ15N coll_δ13C carb_δ18O carb,0.2924587451750262,7.660508401565673,31.29130018496018
combination_1_ABCD,B (δ15N coll),10,RandomForest,ABCD,δ13C coll_δ15N coll_δ13C carb_δ18O carb,0.34657117264510207,8.598103117445373,37.08099955158257
combination_1_ABCD,B (δ15N coll),10,RandomForest_MICE,ABCD,δ13C coll_δ15N coll_δ13C carb_δ18O carb,0.38961757175333894,9.113327866029262,41.686701444925944
combination_1_ABCD,B (δ15N coll),10,HybridKNN_RF,ABCD,δ13C coll_δ15N coll_δ13C carb_δ18O carb,0.3434179665083426,8.928084203679843,36.74362574622295
combination_1_ABCD,B (δ15N coll),15,KNN,B,δ15N coll,1.8096457097970255,26.54664710461367,193.62104251591217
combination_1_ABCD,B (δ15N coll),15,SVM,B,δ15N coll,1.7874466442579382,26.243074261961812,191.2458780352143
combination_1_ABCD,B (δ15N coll),15,RandomForest,B,δ15N coll,1.945792344681066,28.789058320474556,208.18790123227265
combination_1_ABCD,B (δ15N coll),15,RandomForest_MICE,B,δ15N coll,1.963546399487452,28.958491424720354,210.08747670270142
combination_1_ABCD,B (δ15N coll),15,HybridKNN_RF,B,δ15N coll,1.9428978336673068,28.726933653217344,207.87820622566238
combination_1_ABCD,B (δ15N coll),15,KNN,AB,δ13C coll_δ15N coll,0.3188256904401641,6.240204803842082,34.11240235018379
combination_1_ABCD,B (δ15N coll),15,SVM,AB,δ13C coll_δ15N coll,0.2784926184987033,5.739960588739242,29.797009898005488
combination_1_ABCD,B (δ15N coll),15,RandomForest,AB,δ13C coll_δ15N coll,0.31493837394944635,6.163537897941378,33.69648321891555
combination_1_ABCD,B (δ15N coll),15,RandomForest_MICE,AB,δ13C coll_δ15N coll,0.34195499468367885,6.546042401708677,36.58709669286777
combination_1_ABCD,B (δ15N coll),15,HybridKNN_RF,AB,δ13C coll_δ15N coll,0.3700010030807398,6.870455661104975,39.58784836202076
combination_1_ABCD,B (δ15N coll),15,KNN,BC,δ15N coll_δ13C carb,1.762358818958819,26.199598735567868,188.56163389694186
combination_1_ABCD,B (δ15N coll),15,SVM,BC,δ15N coll_δ13C carb,1.820256766893144,26.586273677186092,194.75636084149576
combination_1_ABCD,B (δ15N coll),15,RandomForest,BC,δ15N coll_δ13C carb,1.961661420109996,28.77220384844201,209.88579541768073
combination_1_ABCD,B (δ15N coll),15,RandomForest_MICE,BC,δ15N coll_δ13C carb,1.958247910140542,29.24904851135081,209.52057069145613
combination_1_ABCD,B (δ15N coll),15,HybridKNN_RF,BC,δ15N coll_δ13C carb,1.9124402211385103,28.529309442977656,204.6194276379836
combination_1_ABCD,B (δ15N coll),15,KNN,BD,δ15N coll_δ18O carb,1.8447477555582814,27.163654094052664,197.37674710379966
combination_1_ABCD,B (δ15N coll),15,SVM,BD,δ15N coll_δ18O carb,1.7809510764591903,26.72915844273654,190.55089193814703
combination_1_ABCD,B (δ15N coll),15,RandomForest,BD,δ15N coll_δ18O carb,1.975218643614398,29.026622421685392,211.33633556171696
combination_1_ABCD,B (δ15N coll),15,RandomForest_MICE,BD,δ15N coll_δ18O carb,1.9184348529491952,28.301835106964102,205.2608166426933
combination_1_ABCD,B (δ15N coll),15,HybridKNN_RF,BD,δ15N coll_δ18O carb,1.9343010150424624,27.770910217207934,206.95839911897227
combination_1_ABCD,B (δ15N coll),15,KNN,ABC,δ13C coll_δ15N coll_δ13C carb,0.30608317895554726,6.05830440243731,32.74903141820217
combination_1_ABCD,B (δ15N coll),15,SVM,ABC,δ13C coll_δ15N coll_δ13C carb,0.2776702924812632,5.793905362241207,29.709026034687525
combination_1_ABCD,B (δ15N coll),15,RandomForest,ABC,δ13C coll_δ15N coll_δ13C carb,0.3164713714650624,6.353385913435414,33.86050459367468
combination_1_ABCD,B (δ15N coll),15,RandomForest_MICE,ABC,δ13C coll_δ15N coll_δ13C carb,0.30859205370165904,6.235528099047018,33.0174656985998
combination_1_ABCD,B (δ15N coll),15,HybridKNN_RF,ABC,δ13C coll_δ15N coll_δ13C carb,0.34119143820117487,6.9535061822393684,36.50540081098225
combination_1_ABCD,B (δ15N coll),15,KNN,ABD,δ13C coll_δ15N coll_δ18O carb,0.3217651515151515,6.602884726816865,34.42690673891181
combination_1_ABCD,B (δ15N coll),15,SVM,ABD,δ13C coll_δ15N coll_δ18O carb,0.2895503627381043,6.0411380791178315,30.98012102076072
combination_1_ABCD,B (δ15N coll),15,RandomForest,ABD,δ13C coll_δ15N coll_δ18O carb,0.32905937260287293,6.610271873147925,35.20734386188025
combination_1_ABCD,B (δ15N coll),15,RandomForest_MICE,ABD,δ13C coll_δ15N coll_δ18O carb,0.3666686713968293,6.74629492232763,39.23130921673141
combination_1_ABCD,B (δ15N coll),15,HybridKNN_RF,ABD,δ13C coll_δ15N coll_δ18O carb,0.36574968330402513,6.790575955020243,39.1329831015006
combination_1_ABCD,B (δ15N coll),15,KNN,BCD,δ15N coll_δ13C carb_δ18O carb,1.8198314610340927,27.744158260688824,194.7108557111977
combination_1_ABCD,B (δ15N coll),15,SVM,BCD,δ15N coll_δ13C carb_δ18O carb,1.7699673756678138,26.311995705862593,189.37570301227285
combination_1_ABCD,B (δ15N coll),15,RandomForest,BCD,δ15N coll_δ13C carb_δ18O carb,1.9806284721183942,28.88341166024923,211.91515418301137
combination_1_ABCD,B (δ15N coll),15,RandomForest_MICE,BCD,δ15N coll_δ13C carb_δ18O carb,1.9573814424951266,28.97047581576468,209.42786394344276
combination_1_ABCD,B (δ15N coll),15,HybridKNN_RF,BCD,δ15N coll_δ13C carb_δ18O carb,1.9647767250780412,29.183847587908417,210.21911402938602
combination_1_ABCD,B (δ15N coll),15,KNN,ABCD,δ13C coll_δ15N coll_δ13C carb_δ18O carb,0.32761448458948467,7.447549854699022,35.05274966592443
combination_1_ABCD,B (δ15N coll),15,SVM,ABCD,δ13C coll_δ15N coll_δ13C carb_δ18O carb,0.293149615733081,6.5195843609224635,31.36521911669911
combination_1_ABCD,B (δ15N coll),15,RandomForest,ABCD,δ13C coll_δ15N coll_δ13C carb_δ18O carb,0.3414615134239517,7.422800677108424,36.534297210928756
combination_1_ABCD,B (δ15N coll),15,RandomForest_MICE,ABCD,δ13C coll_δ15N coll_δ13C carb_δ18O carb,0.32815081118199535,7.112253623121495,35.11013333688761
combination_1_ABCD,B (δ15N coll),15,HybridKNN_RF,ABCD,δ13C coll_δ15N coll_δ13C carb_δ18O carb,0.3589902778118567,7.273176615151937,38.409767982045956
combination_1_ABCD,B (δ15N coll),20,KNN,B,δ15N coll,1.795258690160749,26.83803216429292,192.0817192519208
combination_1_ABCD,B (δ15N coll),20,SVM,B,δ15N coll,1.7737923382555703,26.616313196256538,189.7849506566136
combination_1_ABCD,B (δ15N coll),20,RandomForest,B,δ15N coll,1.9629565472475599,28.910091289145146,210.0243661142586
combination_1_ABCD,B (δ15N coll),20,RandomForest_MICE,B,δ15N coll,1.9465336425984812,28.615870418707875,208.2672155835889
combination_1_ABCD,B (δ15N coll),20,HybridKNN_RF,B,δ15N coll,1.973275617161279,29.046102949455292,211.12844359399526
combination_1_ABCD,B (δ15N coll),20,KNN,AB,δ13C coll_δ15N coll,0.4306895016339869,7.626920642825655,46.081147185646905
combination_1_ABCD,B (δ15N coll),20,SVM,AB,δ13C coll_δ15N coll,0.4219322159888715,7.693472434441278,45.1441710874873
combination_1_ABCD,B (δ15N coll),20,RandomForest,AB,δ13C coll_δ15N coll,0.5000544278916779,8.261564706751049,53.50277080144289
combination_1_ABCD,B (δ15N coll),20,RandomForest_MICE,AB,δ13C coll_δ15N coll,0.4751484614025789,8.138363971388104,50.837984445539774
combination_1_ABCD,B (δ15N coll),20,HybridKNN_RF,AB,δ13C coll_δ15N coll,0.46756201251987284,7.975987401448816,50.026280732646725
combination_1_ABCD,B (δ15N coll),20,KNN,BC,δ15N coll_δ13C carb,1.795359271771772,26.953526055370162,192.0924808702192
combination_1_ABCD,B (δ15N coll),20,SVM,BC,δ15N coll_δ13C carb,1.769251693637409,26.523826160336377,189.299129404474
combination_1_ABCD,B (δ15N coll),20,RandomForest,BC,δ15N coll_δ13C carb,1.968592841750538,29.141616679766862,210.62741521480095
combination_1_ABCD,B (δ15N coll),20,RandomForest_MICE,BC,δ15N coll_δ13C carb,1.9362630376037806,28.517031087679925,207.16832355429435
combination_1_ABCD,B (δ15N coll),20,HybridKNN_RF,BC,δ15N coll_δ13C carb,1.9484206613230874,28.722506213207105,208.46911506630383
combination_1_ABCD,B (δ15N coll),20,KNN,BD,δ15N coll_δ18O carb,1.8622778279014305,27.80980551192102,199.2523578181425
combination_1_ABCD,B (δ15N coll),20,SVM,BD,δ15N coll_δ18O carb,1.824454361780075,27.49923901106349,195.20547786681573
combination_1_ABCD,B (δ15N coll),20,RandomForest,BD,δ15N coll_δ18O carb,2.0695211558089013,30.18842122722715,221.42612862127515
combination_1_ABCD,B (δ15N coll),20,RandomForest_MICE,BD,δ15N coll_δ18O carb,2.005863823573574,29.221930450142736,214.61518271929066
combination_1_ABCD,B (δ15N coll),20,HybridKNN_RF,BD,δ15N coll_δ18O carb,2.026555796171171,28.910775991229617,216.8290974565056
combination_1_ABCD,B (δ15N coll),20,KNN,ABC,δ13C coll_δ15N coll_δ13C carb,0.46948709437378566,8.086990254225716,50.23225273781059
combination_1_ABCD,B (δ15N coll),20,SVM,ABC,δ13C coll_δ15N coll_δ13C carb,0.4210027498462594,7.676152332441286,45.044723884898694
combination_1_ABCD,B (δ15N coll),20,RandomForest,ABC,δ13C coll_δ15N coll_δ13C carb,0.5179129330221661,8.456616374816942,55.4135218188499
combination_1_ABCD,B (δ15N coll),20,RandomForest_MICE,ABC,δ13C coll_δ15N coll_δ13C carb,0.49607821672407687,8.358257527960738,53.077340482476934
combination_1_ABCD,B (δ15N coll),20,HybridKNN_RF,ABC,δ13C coll_δ15N coll_δ13C carb,0.49950505884561014,8.334461698529386,53.443991667577215
combination_1_ABCD,B (δ15N coll),20,KNN,ABD,δ13C coll_δ15N coll_δ18O carb,0.4902710790937997,8.775102149223896,52.45601221036241
combination_1_ABCD,B (δ15N coll),20,SVM,ABD,δ13C coll_δ15N coll_δ18O carb,0.4680839402045097,8.371179040387283,50.082123808377084
combination_1_ABCD,B (δ15N coll),20,RandomForest,ABD,δ13C coll_δ15N coll_δ18O carb,0.5428309287743442,9.053961592047035,58.07959523246021
combination_1_ABCD,B (δ15N coll),20,RandomForest_MICE,ABD,δ13C coll_δ15N coll_δ18O carb,0.537292590796679,8.982482804332118,57.48702688207228
combination_1_ABCD,B (δ15N coll),20,HybridKNN_RF,ABD,δ13C coll_δ15N coll_δ18O carb,0.502871967651475,8.460495083073724,53.804230353811924
combination_1_ABCD,B (δ15N coll),20,KNN,BCD,δ15N coll_δ13C carb_δ18O carb,1.8496785910174882,28.32148587209331,197.90431639369845
combination_1_ABCD,B (δ15N coll),20,SVM,BCD,δ15N coll_δ13C carb_δ18O carb,1.7531868926398277,26.389827061404493,187.5802937781838
combination_1_ABCD,B (δ15N coll),20,RandomForest,BCD,δ15N coll_δ13C carb_δ18O carb,1.929780906325491,28.13621613179192,206.47477508288208
combination_1_ABCD,B (δ15N coll),20,RandomForest_MICE,BCD,δ15N coll_δ13C carb_δ18O carb,1.8811671519166218,27.954557524846972,201.27340016275284
combination_1_ABCD,B (δ15N coll),20,HybridKNN_RF,BCD,δ15N coll_δ13C carb_δ18O carb,1.946857555136018,28.835399407367902,208.3018722475217
combination_1_ABCD,B (δ15N coll),20,KNN,ABCD,δ13C coll_δ15N coll_δ13C carb_δ18O carb,0.5222917405006426,9.449139060815096,55.88202748510774
combination_1_ABCD,B (δ15N coll),20,SVM,ABCD,δ13C coll_δ15N coll_δ13C carb_δ18O carb,0.4308392079179365,8.087306568518938,46.09716484402754
combination_1_ABCD,B (δ15N coll),20,RandomForest,ABCD,δ13C coll_δ15N coll_δ13C carb_δ18O carb,0.5022641537860688,9.067453632518909,53.73919798110027
combination_1_ABCD,B (δ15N coll),20,RandomForest_MICE,ABCD,δ13C coll_δ15N coll_δ13C carb_δ18O carb,0.4943235274244836,9.085970431992346,52.88959944032738
combination_1_ABCD,B (δ15N coll),20,HybridKNN_RF,ABCD,δ13C coll_δ15N coll_δ13C carb_δ18O carb,0.48219312164370276,8.856185401131572,51.59172008156645
combination_1_ABCD,C (δ13C carb),10,KNN,C,δ13C carb,1.7113263808711892,20.702434064709525,-154.7327183358196
combination_1_ABCD,C (δ13C carb),10,SVM,C,δ13C carb,1.6133740900831228,19.88251752081469,-145.87618203142253
combination_1_ABCD,C (δ13C carb),10,RandomForest,C,δ13C carb,1.9641795208005604,21.82335267511266,-177.59489945938864
combination_1_ABCD,C (δ13C carb),10,RandomForest_MICE,C,δ13C carb,1.9689329127187107,21.80408838665938,-178.02468612137915
combination_1_ABCD,C (δ13C carb),10,HybridKNN_RF,C,δ13C carb,1.963394005724029,21.806677475195805,-177.52387567079748
combination_1_ABCD,C (δ13C carb),10,KNN,AC,δ13C coll_δ13C carb,0.3398803787601997,3.2815651034351747,-30.730908786552593
combination_1_ABCD,C (δ13C carb),10,SVM,AC,δ13C coll_δ13C carb,0.24223417786574458,2.399359622953419,-21.902048162156106
combination_1_ABCD,C (δ13C carb),10,RandomForest,AC,δ13C coll_δ13C carb,0.3726973342756618,3.5308066679633425,-33.69811410236623
combination_1_ABCD,C (δ13C carb),10,RandomForest_MICE,AC,δ13C coll_δ13C carb,0.3038945377745302,2.954856994711448,-27.47718286988754
combination_1_ABCD,C (δ13C carb),10,HybridKNN_RF,AC,δ13C coll_δ13C carb,0.3658025624974627,3.4378451466367275,-33.07471064673626
combination_1_ABCD,C (δ13C carb),10,KNN,BC,δ15N coll_δ13C carb,0.2216658429748711,2.3259264536912827,-20.042324380134954
combination_1_ABCD,C (δ13C carb),10,SVM,BC,δ15N coll_δ13C carb,0.18059002474225222,1.972024338297113,-16.328378820687906
combination_1_ABCD,C (δ13C carb),10,RandomForest,BC,δ15N coll_δ13C carb,0.2669329466460701,2.851719537627075,-24.13523271166449
combination_1_ABCD,C (δ13C carb),10,RandomForest_MICE,BC,δ15N coll_δ13C carb,0.22345835793447805,2.4413331908460103,-20.204397912955972
combination_1_ABCD,C (δ13C carb),10,HybridKNN_RF,BC,δ15N coll_δ13C carb,0.22410226330532215,2.446927617148627,-20.262617799878434
combination_1_ABCD,C (δ13C carb),10,KNN,CD,δ13C carb_δ18O carb,1.7166619835180448,20.60207372142013,-155.21514665033405
combination_1_ABCD,C (δ13C carb),10,SVM,CD,δ13C carb_δ18O carb,1.5945277954303543,19.87604438670084,-144.17215968081973
combination_1_ABCD,C (δ13C carb),10,RandomForest,CD,δ13C carb_δ18O carb,1.9065326852421116,21.28800914882806,-172.38265492840915
combination_1_ABCD,C (δ13C carb),10,RandomForest_MICE,CD,δ13C carb_δ18O carb,1.9658999543701536,21.94428578986556,-177.75045562092214
combination_1_ABCD,C (δ13C carb),10,HybridKNN_RF,CD,δ13C carb_δ18O carb,1.95299146884261,21.736121369696104,-176.58331118979464
combination_1_ABCD,C (δ13C carb),10,KNN,ABC,δ13C coll_δ15N coll_δ13C carb,0.22552969025291275,2.086439465044134,-20.391681229447055
combination_1_ABCD,C (δ13C carb),10,SVM,ABC,δ13C coll_δ15N coll_δ13C carb,0.23383840123838867,2.067998563957223,-21.14292859582897
combination_1_ABCD,C (δ13C carb),10,RandomForest,ABC,δ13C coll_δ15N coll_δ13C carb,0.1913193978942613,1.8592895895892874,-17.298494803475815
combination_1_ABCD,C (δ13C carb),10,RandomForest_MICE,ABC,δ13C coll_δ15N coll_δ13C carb,0.26397437880079544,2.5223509303118528,-23.86772836521291
combination_1_ABCD,C (δ13C carb),10,HybridKNN_RF,ABC,δ13C coll_δ15N coll_δ13C carb,0.25381755328218214,2.2917450299702944,-22.949380328435964
combination_1_ABCD,C (δ13C carb),10,KNN,ACD,δ13C coll_δ13C carb_δ18O carb,0.34632259408111066,3.3204038348225664,-31.31339351877635
combination_1_ABCD,C (δ13C carb),10,SVM,ACD,δ13C coll_δ13C carb_δ18O carb,0.24476304845014019,2.40385113519182,-22.130700641435848
combination_1_ABCD,C (δ13C carb),10,RandomForest,ACD,δ13C coll_δ13C carb_δ18O carb,0.346532125062025,3.2757146595944255,-31.332338647312234
combination_1_ABCD,C (δ13C carb),10,RandomForest_MICE,ACD,δ13C coll_δ13C carb_δ18O carb,0.29123928295376117,2.7616571531046454,-26.33293475828347
combination_1_ABCD,C (δ13C carb),10,HybridKNN_RF,ACD,δ13C coll_δ13C carb_δ18O carb,0.36315273304104256,3.3776654954297123,-32.83512144884784
combination_1_ABCD,C (δ13C carb),10,KNN,BCD,δ15N coll_δ13C carb_δ18O carb,0.20327362927779805,2.09733738550517,-18.37935859326229
combination_1_ABCD,C (δ13C carb),10,SVM,BCD,δ15N coll_δ13C carb_δ18O carb,0.19047109435277712,2.0755130008994365,-17.221793880487102
combination_1_ABCD,C (δ13C carb),10,RandomForest,BCD,δ15N coll_δ13C carb_δ18O carb,0.27020627646431017,2.8940115531164357,-24.431196840101606
combination_1_ABCD,C (δ13C carb),10,RandomForest_MICE,BCD,δ15N coll_δ13C carb_δ18O carb,0.2474621153330899,2.6515749351160034,-22.374741731690293
combination_1_ABCD,C (δ13C carb),10,HybridKNN_RF,BCD,δ15N coll_δ13C carb_δ18O carb,0.2420412207607679,2.596276454708815,-21.884601591058395
combination_1_ABCD,C (δ13C carb),10,KNN,ABCD,δ13C coll_δ15N coll_δ13C carb_δ18O carb,0.24740931230463198,2.2386858052588883,-22.369967448876103
combination_1_ABCD,C (δ13C carb),10,SVM,ABCD,δ13C coll_δ15N coll_δ13C carb_δ18O carb,0.23025662263355154,2.014692305923269,-20.819075503748785
combination_1_ABCD,C (δ13C carb),10,RandomForest,ABCD,δ13C coll_δ15N coll_δ13C carb_δ18O carb,0.18343701236619653,1.7753388939881138,-16.585794436461374
combination_1_ABCD,C (δ13C carb),10,RandomForest_MICE,ABCD,δ13C coll_δ15N coll_δ13C carb_δ18O carb,0.21121154788292165,1.9528248288039596,-19.097080085450113
combination_1_ABCD,C (δ13C carb),10,HybridKNN_RF,ABCD,δ13C coll_δ15N coll_δ13C carb_δ18O carb,0.2194844950269962,2.0380605716106457,-19.845093798415576
combination_1_ABCD,C (δ13C carb),15,KNN,C,δ13C carb,1.8010107689581372,20.659833782312678,-162.8416970298275
combination_1_ABCD,C (δ13C carb),15,SVM,C,δ13C carb,1.751476086913767,20.75550581681465,-158.36292776038863
combination_1_ABCD,C (δ13C carb),15,RandomForest,C,δ13C carb,2.0060388535016744,21.101050899749186,-181.37968791877626
combination_1_ABCD,C (δ13C carb),15,RandomForest_MICE,C,δ13C carb,1.9787761514947035,20.91637812167115,-178.91468063678104
combination_1_ABCD,C (δ13C carb),15,HybridKNN_RF,C,δ13C carb,2.0186042256233043,21.303634983934607,-182.51580912102824
combination_1_ABCD,C (δ13C carb),15,KNN,AC,δ13C coll_δ13C carb,0.4485443606101501,4.248484857689334,-40.555962315077934
combination_1_ABCD,C (δ13C carb),15,SVM,AC,δ13C coll_δ13C carb,0.4061539710418353,4.034383923289913,-36.723157373521076
combination_1_ABCD,C (δ13C carb),15,RandomForest,AC,δ13C coll_δ13C carb,0.47976133852668007,4.8140287453049755,-43.37850271721617
combination_1_ABCD,C (δ13C carb),15,RandomForest_MICE,AC,δ13C coll_δ13C carb,0.4352373717948721,3.7014727765251734,-39.35278647716202
combination_1_ABCD,C (δ13C carb),15,HybridKNN_RF,AC,δ13C coll_δ13C carb,0.44969119143527064,4.137594318821476,-40.65965513079429
combination_1_ABCD,C (δ13C carb),15,KNN,BC,δ15N coll_δ13C carb,0.31539791334396594,2.7830788764744057,-28.517281703045555
combination_1_ABCD,C (δ13C carb),15,SVM,BC,δ15N coll_δ13C carb,0.2692470580139913,2.4528782664738094,-24.34446734188622
combination_1_ABCD,C (δ13C carb),15,RandomForest,BC,δ15N coll_δ13C carb,0.2865982262547602,2.4900688230175256,-25.91330509148578
combination_1_ABCD,C (δ13C carb),15,RandomForest_MICE,BC,δ15N coll_δ13C carb,0.3009111932073774,2.5998877804461027,-27.20743829061392
combination_1_ABCD,C (δ13C carb),15,HybridKNN_RF,BC,δ15N coll_δ13C carb,0.3220834578238525,2.8365253714128533,-29.12176748815994
combination_1_ABCD,C (δ13C carb),15,KNN,CD,δ13C carb_δ18O carb,1.7968341467986204,20.58347728745993,-162.4640600650571
combination_1_ABCD,C (δ13C carb),15,SVM,CD,δ13C carb_δ18O carb,1.7185535924015916,20.52568855554679,-155.38617994231802
combination_1_ABCD,C (δ13C carb),15,RandomForest,CD,δ13C carb_δ18O carb,1.9967336456304334,20.9741176364206,-180.5383404559597
combination_1_ABCD,C (δ13C carb),15,RandomForest_MICE,CD,δ13C carb_δ18O carb,2.0415136744980162,21.359287240413874,-184.58720902439154
combination_1_ABCD,C (δ13C carb),15,HybridKNN_RF,CD,δ13C carb_δ18O carb,2.0620150764050758,21.642182332452137,-186.44088093772908
combination_1_ABCD,C (δ13C carb),15,KNN,ABC,δ13C coll_δ15N coll_δ13C carb,0.31381293331424914,2.827784512591946,-28.373972822140427
combination_1_ABCD,C (δ13C carb),15,SVM,ABC,δ13C coll_δ15N coll_δ13C carb,0.29043977160212125,2.5505496473088956,-26.260645470768015
combination_1_ABCD,C (δ13C carb),15,RandomForest,ABC,δ13C coll_δ15N coll_δ13C carb,0.2653703289014232,2.475299729310991,-23.99394575784221
combination_1_ABCD,C (δ13C carb),15,RandomForest_MICE,ABC,δ13C coll_δ15N coll_δ13C carb,0.36610789913303055,3.3440219971202536,-33.10231821952718
combination_1_ABCD,C (δ13C carb),15,HybridKNN_RF,ABC,δ13C coll_δ15N coll_δ13C carb,0.38860185587317153,3.5754482243526473,-35.13615063830781
combination_1_ABCD,C (δ13C carb),15,KNN,ACD,δ13C coll_δ13C carb_δ18O carb,0.47584463699068963,4.545877729564366,-43.024366953081355
combination_1_ABCD,C (δ13C carb),15,SVM,ACD,δ13C coll_δ13C carb_δ18O carb,0.4118612789600132,4.014043171917,-37.23919410294357
combination_1_ABCD,C (δ13C carb),15,RandomForest,ACD,δ13C coll_δ13C carb_δ18O carb,0.46679592160197547,4.633435674741837,-42.206210729234606
combination_1_ABCD,C (δ13C carb),15,RandomForest_MICE,ACD,δ13C coll_δ13C carb_δ18O carb,0.47983000245368695,4.14544691952098,-43.38471109230823
combination_1_ABCD,C (δ13C carb),15,HybridKNN_RF,ACD,δ13C coll_δ13C carb_δ18O carb,0.5493643925421556,5.3292109142407265,-49.67179070288187
combination_1_ABCD,C (δ13C carb),15,KNN,BCD,δ15N coll_δ13C carb_δ18O carb,0.32949379592142736,2.8007414351419384,-29.791786819622317
combination_1_ABCD,C (δ13C carb),15,SVM,BCD,δ15N coll_δ13C carb_δ18O carb,0.27528838171601583,2.527565591511516,-24.890704721973233
combination_1_ABCD,C (δ13C carb),15,RandomForest,BCD,δ15N coll_δ13C carb_δ18O carb,0.3023346939891381,2.6442043428050144,-27.336146728686884
combination_1_ABCD,C (δ13C carb),15,RandomForest_MICE,BCD,δ15N coll_δ13C carb_δ18O carb,0.2973083819640398,2.5873615687417724,-26.881683493887948
combination_1_ABCD,C (δ13C carb),15,HybridKNN_RF,BCD,δ15N coll_δ13C carb_δ18O carb,0.3324904486497905,2.8631760681051674,-30.06273468073811
combination_1_ABCD,C (δ13C carb),15,KNN,ABCD,δ13C coll_δ15N coll_δ13C carb_δ18O carb,0.3383137334887335,3.0127545603070933,-30.5892576764946
combination_1_ABCD,C (δ13C carb),15,SVM,ABCD,δ13C coll_δ15N coll_δ13C carb_δ18O carb,0.2883222539785149,2.535847542950453,-26.06918622507006
combination_1_ABCD,C (δ13C carb),15,RandomForest,ABCD,δ13C coll_δ15N coll_δ13C carb_δ18O carb,0.25339055805915367,2.355066295681245,-22.91077277097987
combination_1_ABCD,C (δ13C carb),15,RandomForest_MICE,ABCD,δ13C coll_δ15N coll_δ13C carb_δ18O carb,0.29512610848702947,2.537823049763243,-26.684369228751645
combination_1_ABCD,C (δ13C carb),15,HybridKNN_RF,ABCD,δ13C coll_δ15N coll_δ13C carb_δ18O carb,0.3080054954743117,2.6110058267866947,-27.848882661909062
combination_1_ABCD,C (δ13C carb),20,KNN,C,δ13C carb,1.8203484700141317,21.582037584483338,-164.5901507930636
combination_1_ABCD,C (δ13C carb),20,SVM,C,δ13C carb,1.7924873895067115,21.58917097294297,-162.07104001976293
combination_1_ABCD,C (δ13C carb),20,RandomForest,C,δ13C carb,1.9136187581287047,21.31066990570063,-173.02335522516384
combination_1_ABCD,C (δ13C carb),20,RandomForest_MICE,C,δ13C carb,1.8981126119943474,21.120213517954276,-171.6213385385163
combination_1_ABCD,C (δ13C carb),20,HybridKNN_RF,C,δ13C carb,1.9078747687687692,21.257520638348506,-172.5040018758031
combination_1_ABCD,C (δ13C carb),20,KNN,AC,δ13C coll_δ13C carb,0.5652417302596715,6.423630532944422,-51.107369358378556
combination_1_ABCD,C (δ13C carb),20,SVM,AC,δ13C coll_δ13C carb,0.5633311915236973,6.939016850600126,-50.93462448901431
combination_1_ABCD,C (δ13C carb),20,RandomForest,AC,δ13C coll_δ13C carb,0.6179647347550352,7.1200880099528465,-55.87441665899123
combination_1_ABCD,C (δ13C carb),20,RandomForest_MICE,AC,δ13C coll_δ13C carb,0.6517416114202438,6.941121002234132,-58.92841500887983
combination_1_ABCD,C (δ13C carb),20,HybridKNN_RF,AC,δ13C coll_δ13C carb,0.709164505343579,8.107311639049232,-64.12041144555246
combination_1_ABCD,C (δ13C carb),20,KNN,BC,δ15N coll_δ13C carb,0.425983734984985,4.903624911215788,-38.516101906590904
combination_1_ABCD,C (δ13C carb),20,SVM,BC,δ15N coll_δ13C carb,0.40457280551757624,4.931949748891992,-36.580193388133935
combination_1_ABCD,C (δ13C carb),20,RandomForest,BC,δ15N coll_δ13C carb,0.4170486707150466,4.604216995608583,-37.7082216574189
combination_1_ABCD,C (δ13C carb),20,RandomForest_MICE,BC,δ15N coll_δ13C carb,0.3950504495230526,4.525721638717994,-35.719212078862036
combination_1_ABCD,C (δ13C carb),20,HybridKNN_RF,BC,δ15N coll_δ13C carb,0.4013911089030203,4.627586986269212,-36.29251444413291
combination_1_ABCD,C (δ13C carb),20,KNN,CD,δ13C carb_δ18O carb,1.7941076611906024,21.45832764469734,-162.21753986040898
combination_1_ABCD,C (δ13C carb),20,SVM,CD,δ13C carb_δ18O carb,1.7570240479360524,21.023770830871086,-158.8645568475078
combination_1_ABCD,C (δ13C carb),20,RandomForest,CD,δ13C carb_δ18O carb,1.8924772594890507,21.050929269282683,-171.11180778992747
combination_1_ABCD,C (δ13C carb),20,RandomForest_MICE,CD,δ13C carb_δ18O carb,1.908642361663134,21.297254119375875,-172.57340519737167
combination_1_ABCD,C (δ13C carb),20,HybridKNN_RF,CD,δ13C carb_δ18O carb,1.946807301227698,21.698573098836555,-176.02415831492777
combination_1_ABCD,C (δ13C carb),20,KNN,ABC,δ13C coll_δ15N coll_δ13C carb,0.4898623911411411,5.408212393022715,-44.29180794441254
combination_1_ABCD,C (δ13C carb),20,SVM,ABC,δ13C coll_δ15N coll_δ13C carb,0.49584876460532035,5.29208688170012,-44.833076897804304
combination_1_ABCD,C (δ13C carb),20,RandomForest,ABC,δ13C coll_δ15N coll_δ13C carb,0.5477944416088715,5.712173413532773,-49.5298407053383
combination_1_ABCD,C (δ13C carb),20,RandomForest_MICE,ABC,δ13C coll_δ15N coll_δ13C carb,0.5441137369943477,5.830314155685295,-49.19704303637084
combination_1_ABCD,C (δ13C carb),20,HybridKNN_RF,ABC,δ13C coll_δ15N coll_δ13C carb,0.5207664749602547,5.197840561819195,-47.08605745196419
combination_1_ABCD,C (δ13C carb),20,KNN,ACD,δ13C coll_δ13C carb_δ18O carb,0.5406430445151033,6.162250584627121,-48.883234000395014
combination_1_ABCD,C (δ13C carb),20,SVM,ACD,δ13C coll_δ13C carb_δ18O carb,0.5768493216083378,7.0169981612205685,-52.15689105265416
combination_1_ABCD,C (δ13C carb),20,RandomForest,ACD,δ13C coll_δ13C carb_δ18O carb,0.6133682468070013,6.961924218935119,-55.458816757682484
combination_1_ABCD,C (δ13C carb),20,RandomForest_MICE,ACD,δ13C coll_δ13C carb_δ18O carb,0.6766382306792085,7.726755365883152,-61.17948857285447
combination_1_ABCD,C (δ13C carb),20,HybridKNN_RF,ACD,δ13C coll_δ13C carb_δ18O carb,0.6347675469881648,7.016483620466097,-57.39367379286125
combination_1_ABCD,C (δ13C carb),20,KNN,BCD,δ15N coll_δ13C carb_δ18O carb,0.4105655659335806,4.635450552528843,-37.12203982950744
combination_1_ABCD,C (δ13C carb),20,SVM,BCD,δ15N coll_δ13C carb_δ18O carb,0.4051063504001376,4.8994515997760555,-36.62843482878236
combination_1_ABCD,C (δ13C carb),20,RandomForest,BCD,δ15N coll_δ13C carb_δ18O carb,0.42173608298278803,4.638478153474461,-38.13204264811682
combination_1_ABCD,C (δ13C carb),20,RandomForest_MICE,BCD,δ15N coll_δ13C carb_δ18O carb,0.4377611195680977,4.8303031552054865,-39.58097576805951
combination_1_ABCD,C (δ13C carb),20,HybridKNN_RF,BCD,δ15N coll_δ13C carb_δ18O carb,0.4175693515942414,4.604950292873606,-37.755299975572505
combination_1_ABCD,C (δ13C carb),20,KNN,ABCD,δ13C coll_δ15N coll_δ13C carb_δ18O carb,0.532602901826776,5.628944162725553,-48.15626972994451
combination_1_ABCD,C (δ13C carb),20,SVM,ABCD,δ13C coll_δ15N coll_δ13C carb_δ18O carb,0.49499427898066417,5.272452054551371,-44.75581701040946
combination_1_ABCD,C (δ13C carb),20,RandomForest,ABCD,δ13C coll_δ15N coll_δ13C carb_δ18O carb,0.539709939599201,5.580658749624099,-48.798865605362984
combination_1_ABCD,C (δ13C carb),20,RandomForest_MICE,ABCD,δ13C coll_δ15N coll_δ13C carb_δ18O carb,0.4874981598436675,4.620801357699003,-44.078041628692866
combination_1_ABCD,C (δ13C carb),20,HybridKNN_RF,ABCD,δ13C coll_δ15N coll_δ13C carb_δ18O carb,0.5033999473370432,4.721006129071628,-45.515830955586765
combination_1_ABCD,D (δ18O carb),10,KNN,D,δ18O carb,1.8487608102951327,22.517340072423753,-212.81772583570506
combination_1_ABCD,D (δ18O carb),10,SVM,D,δ18O carb,1.8387601755534135,22.803458044131624,-211.66651561381246
combination_1_ABCD,D (δ18O carb),10,RandomForest,D,δ18O carb,1.8121102980394508,22.624936400903152,-208.59874919711942
combination_1_ABCD,D (δ18O carb),10,RandomForest_MICE,D,δ18O carb,1.8022780151828843,22.391920568246558,-207.4669185862283
combination_1_ABCD,D (δ18O carb),10,HybridKNN_RF,D,δ18O carb,1.8326365180854953,22.879261724305845,-210.96159865058934
combination_1_ABCD,D (δ18O carb),10,KNN,AD,δ13C coll_δ18O carb,0.23947481467949494,2.7000753820486727,-27.566835672420577
combination_1_ABCD,D (δ18O carb),10,SVM,AD,δ13C coll_δ18O carb,0.2256140620519304,2.4183787587530214,-25.971272938646134
combination_1_ABCD,D (δ18O carb),10,RandomForest,AD,δ13C coll_δ18O carb,0.2198521481396914,2.474572141882372,-25.30799762015425
combination_1_ABCD,D (δ18O carb),10,RandomForest_MICE,AD,δ13C coll_δ18O carb,0.25652875285186527,2.9083452949480924,-29.529977858351696
combination_1_ABCD,D (δ18O carb),10,HybridKNN_RF,AD,δ13C coll_δ18O carb,0.274928691511387,3.0650633765907314,-31.64806316134488
combination_1_ABCD,D (δ18O carb),10,KNN,BD,δ15N coll_δ18O carb,0.2856126630942231,3.142414543471451,-32.87793482591651
combination_1_ABCD,D (δ18O carb),10,SVM,BD,δ15N coll_δ18O carb,0.23248711075178924,2.3865149151669636,-26.762455110897232
combination_1_ABCD,D (δ18O carb),10,RandomForest,BD,δ15N coll_δ18O carb,0.24269576047983382,2.6938175009891947,-27.93761071073327
combination_1_ABCD,D (δ18O carb),10,RandomForest_MICE,BD,δ15N coll_δ18O carb,0.22895789201477657,2.3053065003791664,-26.35619362947396
combination_1_ABCD,D (δ18O carb),10,HybridKNN_RF,BD,δ15N coll_δ18O carb,0.26914038330694573,2.762256773008758,-30.981749497811148
combination_1_ABCD,D (δ18O carb),10,KNN,CD,δ13C carb_δ18O carb,0.19776777980757518,2.196278957638729,-22.76578392826582
combination_1_ABCD,D (δ18O carb),10,SVM,CD,δ13C carb_δ18O carb,0.20503405907749445,2.1828831412131393,-23.602232332461753
combination_1_ABCD,D (δ18O carb),10,RandomForest,CD,δ13C carb_δ18O carb,0.13557523427893522,1.429809211471682,-15.60656893969962
combination_1_ABCD,D (δ18O carb),10,RandomForest_MICE,CD,δ13C carb_δ18O carb,0.18276769804733464,1.9573526783985167,-21.039068784918303
combination_1_ABCD,D (δ18O carb),10,HybridKNN_RF,CD,δ13C carb_δ18O carb,0.18681743352413407,1.9804497759880249,-21.505248882207926
combination_1_ABCD,D (δ18O carb),10,KNN,ABD,δ13C coll_δ15N coll_δ18O carb,0.2609768741119637,3.9436955782073624,-30.04201762333594
combination_1_ABCD,D (δ18O carb),10,SVM,ABD,δ13C coll_δ15N coll_δ18O carb,0.22507557808119846,3.201945120776697,-25.90928604806949
combination_1_ABCD,D (δ18O carb),10,RandomForest,ABD,δ13C coll_δ15N coll_δ18O carb,0.24752743163939456,3.6927644154958044,-28.493802329701833
combination_1_ABCD,D (δ18O carb),10,RandomForest_MICE,ABD,δ13C coll_δ15N coll_δ18O carb,0.2418426359761297,3.366238928271204,-27.839404379377708
combination_1_ABCD,D (δ18O carb),10,HybridKNN_RF,ABD,δ13C coll_δ15N coll_δ18O carb,0.2534490895140665,3.423099561043739,-29.175466369228715
combination_1_ABCD,D (δ18O carb),10,KNN,ACD,δ13C coll_δ13C carb_δ18O carb,0.23265479681727763,3.4177164660092982,-26.78175807692337
combination_1_ABCD,D (δ18O carb),10,SVM,ACD,δ13C coll_δ13C carb_δ18O carb,0.22894598098374974,3.369376255936655,-26.35482250643772
combination_1_ABCD,D (δ18O carb),10,RandomForest,ACD,δ13C coll_δ13C carb_δ18O carb,0.2513270279142646,3.740788257149635,-28.931187974079794
combination_1_ABCD,D (δ18O carb),10,RandomForest_MICE,ACD,δ13C coll_δ13C carb_δ18O carb,0.2724441190679171,3.8607109746803987,-31.362054796093496
combination_1_ABCD,D (δ18O carb),10,HybridKNN_RF,ACD,δ13C coll_δ13C carb_δ18O carb,0.26349727791986355,3.682283401002688,-30.33215067007619
combination_1_ABCD,D (δ18O carb),10,KNN,BCD,δ15N coll_δ13C carb_δ18O carb,0.23751644785450413,3.346598998408699,-27.34140079099852
combination_1_ABCD,D (δ18O carb),10,SVM,BCD,δ15N coll_δ13C carb_δ18O carb,0.24647700227388275,3.497823862207273,-28.372883502628916
combination_1_ABCD,D (δ18O carb),10,RandomForest,BCD,δ15N coll_δ13C carb_δ18O carb,0.2670379786001783,3.9290195545433213,-30.739733880653453
combination_1_ABCD,D (δ18O carb),10,RandomForest_MICE,BCD,δ15N coll_δ13C carb_δ18O carb,0.3149184148905939,4.174784689152194,-36.25142879900307
combination_1_ABCD,D (δ18O carb),10,HybridKNN_RF,BCD,δ15N coll_δ13C carb_δ18O carb,0.32283195566922424,4.326085119206598,-37.16238588032901
combination_1_ABCD,D (δ18O carb),10,KNN,ABCD,δ13C coll_δ15N coll_δ13C carb_δ18O carb,0.3034889286729185,3.9069269333798857,-34.93573817489907
combination_1_ABCD,D (δ18O carb),10,SVM,ABCD,δ13C coll_δ15N coll_δ13C carb_δ18O carb,0.3219450871273516,4.278797734328892,-37.06029514736587
combination_1_ABCD,D (δ18O carb),10,RandomForest,ABCD,δ13C coll_δ15N coll_δ13C carb_δ18O carb,0.2695151043295311,3.629712864545694,-31.024885026974978
combination_1_ABCD,D (δ18O carb),10,RandomForest_MICE,ABCD,δ13C coll_δ15N coll_δ13C carb_δ18O carb,0.33942714196403206,4.191105991642854,-39.072719433168146
combination_1_ABCD,D (δ18O carb),10,HybridKNN_RF,ABCD,δ13C coll_δ15N coll_δ13C carb_δ18O carb,0.32404604916169366,4.111934978868504,-37.302144693140505
combination_1_ABCD,D (δ18O carb),15,KNN,D,δ18O carb,1.815995230305757,21.79274141307219,-209.04595818453248
combination_1_ABCD,D (δ18O carb),15,SVM,D,δ18O carb,1.792784176167008,21.75528094985422,-206.37404750330734
combination_1_ABCD,D (δ18O carb),15,RandomForest,D,δ18O carb,1.7964271942227579,22.07135977481158,-206.7934088471252
combination_1_ABCD,D (δ18O carb),15,RandomForest_MICE,D,δ18O carb,1.7903536901402688,21.82819413998351,-206.09426522644074
combination_1_ABCD,D (δ18O carb),15,HybridKNN_RF,D,δ18O carb,1.7880736120994019,21.899666271929807,-205.83179697166
combination_1_ABCD,D (δ18O carb),15,KNN,AD,δ13C coll_δ18O carb,0.25802972402840824,2.9290528187892875,-29.702760227254153
combination_1_ABCD,D (δ18O carb),15,SVM,AD,δ13C coll_δ18O carb,0.2298530619023979,2.5608048180033487,-26.459239961189397
combination_1_ABCD,D (δ18O carb),15,RandomForest,AD,δ13C coll_δ18O carb,0.21415603450075701,2.390314200207542,-24.65229681559953
combination_1_ABCD,D (δ18O carb),15,RandomForest_MICE,AD,δ13C coll_δ18O carb,0.28429849919573613,3.23962384381597,-32.7266565368626
combination_1_ABCD,D (δ18O carb),15,HybridKNN_RF,AD,δ13C coll_δ18O carb,0.2950757868155236,3.37767525369651,-33.96727015715798
combination_1_ABCD,D (δ18O carb),15,KNN,BD,δ15N coll_δ18O carb,0.30447581414686675,3.4834471063731955,-35.04934222852051
combination_1_ABCD,D (δ18O carb),15,SVM,BD,δ15N coll_δ18O carb,0.2652612017220896,2.905655632306263,-30.535202492706123
combination_1_ABCD,D (δ18O carb),15,RandomForest,BD,δ15N coll_δ18O carb,0.2516028572890179,2.796205416912618,-28.96293971823555
combination_1_ABCD,D (δ18O carb),15,RandomForest_MICE,BD,δ15N coll_δ18O carb,0.2321113311931735,2.486288361137673,-26.71919772971801
combination_1_ABCD,D (δ18O carb),15,HybridKNN_RF,BD,δ15N coll_δ18O carb,0.24124868853855674,2.697408132810073,-27.77103288306173
combination_1_ABCD,D (δ18O carb),15,KNN,CD,δ13C carb_δ18O carb,0.2188306700609332,2.4354346072684163,-25.190411483266352
combination_1_ABCD,D (δ18O carb),15,SVM,CD,δ13C carb_δ18O carb,0.2214479109196085,2.446576113347225,-25.49169180271376
combination_1_ABCD,D (δ18O carb),15,RandomForest,CD,δ13C carb_δ18O carb,0.16728302524187882,1.7583661037089402,-19.256570565886378
combination_1_ABCD,D (δ18O carb),15,RandomForest_MICE,CD,δ13C carb_δ18O carb,0.201078063018852,2.2325818279694496,-23.146842927879504
combination_1_ABCD,D (δ18O carb),15,HybridKNN_RF,CD,δ13C carb_δ18O carb,0.21127441707902211,2.330326360279447,-24.32058312770268
combination_1_ABCD,D (δ18O carb),15,KNN,ABD,δ13C coll_δ15N coll_δ18O carb,0.2900085906296433,3.9823819081103053,-33.38396637733032
combination_1_ABCD,D (δ18O carb),15,SVM,ABD,δ13C coll_δ15N coll_δ18O carb,0.28617480763332037,3.686509163684834,-32.942645372427144
combination_1_ABCD,D (δ18O carb),15,RandomForest,ABD,δ13C coll_δ15N coll_δ18O carb,0.32822608751360066,4.338835073168382,-37.78332443851647
combination_1_ABCD,D (δ18O carb),15,RandomForest_MICE,ABD,δ13C coll_δ15N coll_δ18O carb,0.3119588931828404,4.026400761955586,-35.91074725929381
combination_1_ABCD,D (δ18O carb),15,HybridKNN_RF,ABD,δ13C coll_δ15N coll_δ18O carb,0.29685906674709284,3.8392638692033727,-34.17255013575317
combination_1_ABCD,D (δ18O carb),15,KNN,ACD,δ13C coll_δ13C carb_δ18O carb,0.27053371706266444,3.7792548278026303,-31.14214132328198
combination_1_ABCD,D (δ18O carb),15,SVM,ACD,δ13C coll_δ13C carb_δ18O carb,0.2709217419490625,3.715229121747305,-31.186808309639023
combination_1_ABCD,D (δ18O carb),15,RandomForest,ACD,δ13C coll_δ13C carb_δ18O carb,0.3035794766872563,4.123715168961354,-34.94616149325536
combination_1_ABCD,D (δ18O carb),15,RandomForest_MICE,ACD,δ13C coll_δ13C carb_δ18O carb,0.3106376114041903,4.111587118337164,-35.758649604608244
combination_1_ABCD,D (δ18O carb),15,HybridKNN_RF,ACD,δ13C coll_δ13C carb_δ18O carb,0.3137851002944424,4.237339616465225,-36.120968745076
combination_1_ABCD,D (δ18O carb),15,KNN,BCD,δ15N coll_δ13C carb_δ18O carb,0.25809875543559757,3.405602138882789,-29.710706689017872
combination_1_ABCD,D (δ18O carb),15,SVM,BCD,δ15N coll_δ13C carb_δ18O carb,0.282558571603519,3.6734134984472924,-32.526367007123305
combination_1_ABCD,D (δ18O carb),15,RandomForest,BCD,δ15N coll_δ13C carb_δ18O carb,0.35049486359380355,4.668485209988054,-40.34676599144336
combination_1_ABCD,D (δ18O carb),15,RandomForest_MICE,BCD,δ15N coll_δ13C carb_δ18O carb,0.33935899487452104,4.260873968598824,-39.06487476849801
combination_1_ABCD,D (δ18O carb),15,HybridKNN_RF,BCD,δ15N coll_δ13C carb_δ18O carb,0.3357563839474362,4.1233802931617305,-38.65016483939113
combination_1_ABCD,D (δ18O carb),15,KNN,ABCD,δ13C coll_δ15N coll_δ13C carb_δ18O carb,0.35209604717894194,4.2714564808353135,-40.531084183032576
combination_1_ABCD,D (δ18O carb),15,SVM,ABCD,δ13C coll_δ15N coll_δ13C carb_δ18O carb,0.36932655736410136,4.28587416459178,-42.51455222939883
combination_1_ABCD,D (δ18O carb),15,RandomForest,ABCD,δ13C coll_δ15N coll_δ13C carb_δ18O carb,0.3119756936399178,3.856885999238437,-35.9126812223291
combination_1_ABCD,D (δ18O carb),15,RandomForest_MICE,ABCD,δ13C coll_δ15N coll_δ13C carb_δ18O carb,0.3576974948199949,4.164568356172485,-41.175887632845196
combination_1_ABCD,D (δ18O carb),15,HybridKNN_RF,ABCD,δ13C coll_δ15N coll_δ13C carb_δ18O carb,0.33628832549516763,4.036119081328854,-38.7113986073482
combination_1_ABCD,D (δ18O carb),20,KNN,D,δ18O carb,1.8515586663133725,21.80184569419948,-213.13979743723502
combination_1_ABCD,D (δ18O carb),20,SVM,D,δ18O carb,1.8133025364156743,21.538050561100142,-208.73599218629843
combination_1_ABCD,D (δ18O carb),20,RandomForest,D,δ18O carb,1.9000615282046727,23.074985169053367,-218.72314207908835
combination_1_ABCD,D (δ18O carb),20,RandomForest_MICE,D,δ18O carb,1.9000924188085146,22.97205103908191,-218.72669801126884
combination_1_ABCD,D (δ18O carb),20,HybridKNN_RF,D,δ18O carb,1.8970989522831654,22.962347223003512,-218.38210895748614
combination_1_ABCD,D (δ18O carb),20,KNN,AD,δ13C coll_δ18O carb,0.39868431615438965,4.535580538285463,-45.894032920784184
combination_1_ABCD,D (δ18O carb),20,SVM,AD,δ13C coll_δ18O carb,0.3810289506228375,4.3869962751914215,-43.86165819696947
combination_1_ABCD,D (δ18O carb),20,RandomForest,AD,δ13C coll_δ18O carb,0.3936600453496348,4.587882676871185,-45.31567044106461
combination_1_ABCD,D (δ18O carb),20,RandomForest_MICE,AD,δ13C coll_δ18O carb,0.4097176916180885,4.791912173733751,-47.1641257642716
combination_1_ABCD,D (δ18O carb),20,HybridKNN_RF,AD,δ13C coll_δ18O carb,0.40157078956898057,4.651054879273086,-46.22630560006085
combination_1_ABCD,D (δ18O carb),20,KNN,BD,δ15N coll_δ18O carb,0.45350559375552013,5.154659112718003,-52.204713870700026
combination_1_ABCD,D (δ18O carb),20,SVM,BD,δ15N coll_δ18O carb,0.4233385930549198,4.713155607961574,-48.73207833632768
combination_1_ABCD,D (δ18O carb),20,RandomForest,BD,δ15N coll_δ18O carb,0.4401892381631211,5.038984473830541,-50.67181870231882
combination_1_ABCD,D (δ18O carb),20,RandomForest_MICE,BD,δ15N coll_δ18O carb,0.4153593463389858,4.550068341071861,-47.813557600432155
combination_1_ABCD,D (δ18O carb),20,HybridKNN_RF,BD,δ15N coll_δ18O carb,0.4062650106650764,4.575954927565057,-46.7666748315363
combination_1_ABCD,D (δ18O carb),20,KNN,CD,δ13C carb_δ18O carb,0.38987841216216224,4.507832932156295,-44.88035259441778
combination_1_ABCD,D (δ18O carb),20,SVM,CD,δ13C carb_δ18O carb,0.3856289602865277,4.471537739666705,-44.391182400423645
combination_1_ABCD,D (δ18O carb),20,RandomForest,CD,δ13C carb_δ18O carb,0.3576979925480016,4.190816799207779,-41.17594492816532
combination_1_ABCD,D (δ18O carb),20,RandomForest_MICE,CD,δ13C carb_δ18O carb,0.39478428014043426,4.696944024937302,-45.44508528486213
combination_1_ABCD,D (δ18O carb),20,HybridKNN_RF,CD,δ13C carb_δ18O carb,0.39526707684154694,4.694672710864223,-45.50066180693011
combination_1_ABCD,D (δ18O carb),20,KNN,ABD,δ13C coll_δ15N coll_δ18O carb,0.41091537493375724,5.079098393629631,-47.30199554066052
combination_1_ABCD,D (δ18O carb),20,SVM,ABD,δ13C coll_δ15N coll_δ18O carb,0.40509331407183735,4.998610463349253,-46.6317964833184
combination_1_ABCD,D (δ18O carb),20,RandomForest,ABD,δ13C coll_δ15N coll_δ18O carb,0.4387787565024719,5.545722662570467,-50.50945291779939
combination_1_ABCD,D (δ18O carb),20,RandomForest_MICE,ABD,δ13C coll_δ15N coll_δ18O carb,0.47110350057410366,5.833090350202849,-54.230474308580426
combination_1_ABCD,D (δ18O carb),20,HybridKNN_RF,ABD,δ13C coll_δ15N coll_δ18O carb,0.4606382812003179,5.628159984617708,-53.02578402355361
combination_1_ABCD,D (δ18O carb),20,KNN,ACD,δ13C coll_δ13C carb_δ18O carb,0.39410914436495303,4.973184861163677,-45.367367897319006
combination_1_ABCD,D (δ18O carb),20,SVM,ACD,δ13C coll_δ13C carb_δ18O carb,0.36408307853208016,4.651702045144448,-41.91095589920604
combination_1_ABCD,D (δ18O carb),20,RandomForest,ACD,δ13C coll_δ13C carb_δ18O carb,0.3879915361271493,5.043571431021705,-44.663147283449916
combination_1_ABCD,D (δ18O carb),20,RandomForest_MICE,ACD,δ13C coll_δ13C carb_δ18O carb,0.41694070268062183,5.147551343183427,-47.99559340435485
combination_1_ABCD,D (δ18O carb),20,HybridKNN_RF,ACD,δ13C coll_δ13C carb_δ18O carb,0.4166933587263735,5.272290223299502,-47.96712072278933
combination_1_ABCD,D (δ18O carb),20,KNN,BCD,δ15N coll_δ13C carb_δ18O carb,0.3608420162073839,4.534364332373508,-41.53786517303279
combination_1_ABCD,D (δ18O carb),20,SVM,BCD,δ15N coll_δ13C carb_δ18O carb,0.3971764657869699,4.7892278770927215,-45.72045866266067
combination_1_ABCD,D (δ18O carb),20,RandomForest,BCD,δ15N coll_δ13C carb_δ18O carb,0.40996680890653686,5.347173613064895,-47.19280258092561
combination_1_ABCD,D (δ18O carb),20,RandomForest_MICE,BCD,δ15N coll_δ13C carb_δ18O carb,0.4425441286875106,5.3294535881126635,-50.94289890003927
combination_1_ABCD,D (δ18O carb),20,HybridKNN_RF,BCD,δ15N coll_δ13C carb_δ18O carb,0.461425967563151,5.653838544805231,-53.116457527381925
combination_1_ABCD,D (δ18O carb),20,KNN,ABCD,δ13C coll_δ15N coll_δ13C carb_δ18O carb,0.39023121811423434,4.586104525045257,-44.92096539839067
combination_1_ABCD,D (δ18O carb),20,SVM,ABCD,δ13C coll_δ15N coll_δ13C carb_δ18O carb,0.41736780107170757,4.649688184997682,-48.04475828701182
combination_1_ABCD,D (δ18O carb),20,RandomForest,ABCD,δ13C coll_δ15N coll_δ13C carb_δ18O carb,0.38483073194742307,4.572392249186921,-44.299295370538616
combination_1_ABCD,D (δ18O carb),20,RandomForest_MICE,ABCD,δ13C coll_δ15N coll_δ13C carb_δ18O carb,0.4180024044338457,4.772079356340571,-48.117809837859205
combination_1_ABCD,D (δ18O carb),20,HybridKNN_RF,ABCD,δ13C coll_δ15N coll_δ13C carb_δ18O carb,0.4265380192324678,4.78842813114195,-49.10037617090602
