Combination,FeatureComb,Percentage,Algorithm,Mean RMSE,Mean NRMSE
combination_1_ABCD,A,10,KNN,0.26170158344853134,0.04543430268203668
combination_1_ABCD,A,10,MICE,0.26741170079924237,0.04642564249986845
combination_1_ABCD,A,10,RandomForest,0.250121366347408,0.04342384832420276
combination_1_ABCD,B,10,KNN,0.5084130974421228,0.06125459005326781
combination_1_ABCD,B,10,MICE,0.4852102273496059,0.05845906353609709
combination_1_ABCD,B,10,RandomForest,0.47980748795656447,0.05780813107910415
combination_1_ABCD,C,10,KNN,0.5038453761060684,0.07947087951199817
combination_1_ABCD,C,10,MICE,0.5065592208644244,0.07989893073571364
combination_1_ABCD,C,10,RandomForest,0.5373837281289727,0.08476084039889159
combination_1_ABCD,D,10,KNN,0.3867373252491776,0.0662221447344482
combination_1_ABCD,D,10,MICE,0.3568011027391873,0.061096079236162205
combination_1_ABCD,D,10,RandomForest,0.36793136468287513,0.06300194600734163
combination_1_ABCD,AB,10,KNN,0.455738475015135,0.06252089964393491
combination_1_ABCD,AB,10,MICE,0.3971148211391703,0.05537557876023731
combination_1_ABCD,AB,10,RandomForest,0.4348004032943905,0.05999363167124465
combination_1_ABCD,AC,10,KNN,0.44248753459963075,0.07196800458791854
combination_1_ABCD,AC,10,MICE,0.4444459379223803,0.07221749227599938
combination_1_ABCD,AC,10,RandomForest,0.44846839193351967,0.07287583914763819
combination_1_ABCD,AD,10,KNN,0.3282741342716909,0.05652955560055397
combination_1_ABCD,AD,10,MICE,0.30422889812591347,0.052413534878388804
combination_1_ABCD,AD,10,RandomForest,0.31642511738167234,0.05451040389766346
combination_1_ABCD,BC,10,KNN,0.5595375789589376,0.07904862299726387
combination_1_ABCD,BC,10,MICE,0.5574258326520842,0.07877312052444482
combination_1_ABCD,BC,10,RandomForest,0.554319582509817,0.07851274945515005
combination_1_ABCD,BD,10,KNN,0.427369856075759,0.06114079565140138
combination_1_ABCD,BD,10,MICE,0.41254389737619646,0.0583036131024814
combination_1_ABCD,BD,10,RandomForest,0.42564224655041044,0.06041339353870397
combination_1_ABCD,CD,10,KNN,0.4555534386850866,0.07432931803456717
combination_1_ABCD,CD,10,MICE,0.4201378819489775,0.0685423913591448
combination_1_ABCD,CD,10,RandomForest,0.4541478614688647,0.07417186188381299
combination_1_ABCD,ABC,10,KNN,0.46075875910571296,0.06643264033477862
combination_1_ABCD,ABC,10,MICE,0.4344232120440189,0.06373159975339278
combination_1_ABCD,ABC,10,RandomForest,0.46942790237338655,0.0681087275527489
combination_1_ABCD,ABD,10,KNN,0.4121532935043251,0.06040251867844403
combination_1_ABCD,ABD,10,MICE,0.38421486828266915,0.0573635033476108
combination_1_ABCD,ABD,10,RandomForest,0.39918979603593385,0.05911004210103256
combination_1_ABCD,ACD,10,KNN,0.41837821934965425,0.06908913756354101
combination_1_ABCD,ACD,10,MICE,0.4184475088501731,0.06904586227516417
combination_1_ABCD,ACD,10,RandomForest,0.4227441290194417,0.0697843769257814
combination_1_ABCD,BCD,10,KNN,0.49231587036985724,0.07338852010431429
combination_1_ABCD,BCD,10,MICE,0.49306551164260193,0.0733250283239346
combination_1_ABCD,BCD,10,RandomForest,0.4993596125824974,0.07470482146601107
combination_1_ABCD,ABCD,10,KNN,0.43197770780297456,0.06469978010348033
combination_1_ABCD,ABCD,10,MICE,0.4057796667684747,0.061465778870460105
combination_1_ABCD,ABCD,10,RandomForest,0.4263061409419934,0.06407547219427541
combination_1_ABCD,A,15,KNN,0.32517875125074097,0.056454644314364734
combination_1_ABCD,A,15,MICE,0.3146397188444473,0.05462495118827208
combination_1_ABCD,A,15,RandomForest,0.32240033610103047,0.055972280573095556
combination_1_ABCD,B,15,KNN,0.6035484543785115,0.07271668125042305
combination_1_ABCD,B,15,MICE,0.6006412045082182,0.07236641018171304
combination_1_ABCD,B,15,RandomForest,0.582633677785578,0.07019682864886481
combination_1_ABCD,C,15,KNN,0.6122429871826618,0.09656829450830626
combination_1_ABCD,C,15,MICE,0.6263592577998094,0.09879483561511189
combination_1_ABCD,C,15,RandomForest,0.6511183651739537,0.10270005759841541
combination_1_ABCD,D,15,KNN,0.4770105806443177,0.08167989394594481
combination_1_ABCD,D,15,MICE,0.4362937255886779,0.07470782972408867
combination_1_ABCD,D,15,RandomForest,0.44473682099226225,0.07615356523840104
combination_1_ABCD,AB,15,KNN,0.562801667038207,0.07733501808141321
combination_1_ABCD,AB,15,MICE,0.49596770817021885,0.06922783285873196
combination_1_ABCD,AB,15,RandomForest,0.5444786420712624,0.07583343781358573
combination_1_ABCD,AC,15,KNN,0.4925337076635746,0.08017247588670048
combination_1_ABCD,AC,15,MICE,0.4999496130564089,0.08134640511333838
combination_1_ABCD,AC,15,RandomForest,0.5278338417778269,0.08609757073210025
combination_1_ABCD,AD,15,KNN,0.38040396274207433,0.06550923453172686
combination_1_ABCD,AD,15,MICE,0.3626734430196052,0.06247707338687688
combination_1_ABCD,AD,15,RandomForest,0.3779275626564781,0.06510681538715572
combination_1_ABCD,BC,15,KNN,0.6406163025615086,0.08953081783262623
combination_1_ABCD,BC,15,MICE,0.6496755719883065,0.09113159985021131
combination_1_ABCD,BC,15,RandomForest,0.6315326848069401,0.08891860509693561
combination_1_ABCD,BD,15,KNN,0.5022426634184382,0.07174529794923445
combination_1_ABCD,BD,15,MICE,0.5013773998738071,0.07068273795565887
combination_1_ABCD,BD,15,RandomForest,0.47985361209064276,0.06785975174414628
combination_1_ABCD,CD,15,KNN,0.5436505699876666,0.08865625915862775
combination_1_ABCD,CD,15,MICE,0.5213824574699852,0.08504365723961893
combination_1_ABCD,CD,15,RandomForest,0.5372254973672692,0.08752456434348413
combination_1_ABCD,ABC,15,KNN,0.6029146920079701,0.08674081283887788
combination_1_ABCD,ABC,15,MICE,0.5529906507956476,0.08116728486304818
combination_1_ABCD,ABC,15,RandomForest,0.5884056208091324,0.08578516262419664
combination_1_ABCD,ABD,15,KNN,0.5212288622663112,0.07625501998244172
combination_1_ABCD,ABD,15,MICE,0.4658794763601966,0.06925248713580985
combination_1_ABCD,ABD,15,RandomForest,0.5108854055519498,0.07579114891447288
combination_1_ABCD,ACD,15,KNN,0.4777154195909684,0.07892390537258397
combination_1_ABCD,ACD,15,MICE,0.4689561767553837,0.07745178604329524
combination_1_ABCD,ACD,15,RandomForest,0.4951150009044538,0.08190995022274906
combination_1_ABCD,BCD,15,KNN,0.5807391067795752,0.08575282571423397
combination_1_ABCD,BCD,15,MICE,0.5686497300721783,0.08401028858985322
combination_1_ABCD,BCD,15,RandomForest,0.5771101702280791,0.0861058621937209
combination_1_ABCD,ABCD,15,KNN,0.5578052766576039,0.08349652070477928
combination_1_ABCD,ABCD,15,MICE,0.5208464471948666,0.07904337284711563
combination_1_ABCD,ABCD,15,RandomForest,0.5328458127475415,0.08061544885095484
combination_1_ABCD,A,20,KNN,0.38424507280370807,0.06670921402842153
combination_1_ABCD,A,20,MICE,0.3766708383468799,0.06539424276855552
combination_1_ABCD,A,20,RandomForest,0.3839711943412854,0.06666166568425091
combination_1_ABCD,B,20,KNN,0.7693191530636694,0.09268905458598425
combination_1_ABCD,B,20,MICE,0.7345065809570238,0.08849476879000287
combination_1_ABCD,B,20,RandomForest,0.6674801337643238,0.08041929322461731
combination_1_ABCD,C,20,KNN,0.7540006928019148,0.11892755406970265
combination_1_ABCD,C,20,MICE,0.758540853123395,0.11964366768507809
combination_1_ABCD,C,20,RandomForest,0.8131344534959435,0.12825464566182077
combination_1_ABCD,D,20,KNN,0.5806201273327698,0.09942125468026879
combination_1_ABCD,D,20,MICE,0.5414898079895619,0.09272085753245922
combination_1_ABCD,D,20,RandomForest,0.5534733052222497,0.09477282623668658
combination_1_ABCD,AB,20,KNN,0.6944749847593961,0.0959442573028469
combination_1_ABCD,AB,20,MICE,0.6201256229923149,0.08613604419314325
combination_1_ABCD,AB,20,RandomForest,0.6761797215958192,0.09404565667069782
combination_1_ABCD,AC,20,KNN,0.5777544271525312,0.09416224654028311
combination_1_ABCD,AC,20,MICE,0.5792382232165219,0.09435309489708428
combination_1_ABCD,AC,20,RandomForest,0.5871051356221366,0.09583746411647309
combination_1_ABCD,AD,20,KNN,0.44068459756860234,0.07589181088764978
combination_1_ABCD,AD,20,MICE,0.4229942209705997,0.07287943133170566
combination_1_ABCD,AD,20,RandomForest,0.4428125603028629,0.07628175148359374
combination_1_ABCD,BC,20,KNN,0.7764721458955071,0.1082362633379211
combination_1_ABCD,BC,20,MICE,0.759509804196064,0.10604543025104711
combination_1_ABCD,BC,20,RandomForest,0.7299908257741186,0.10272325810773078
combination_1_ABCD,BD,20,KNN,0.6170697219054195,0.0873016145680193
combination_1_ABCD,BD,20,MICE,0.6041010768940318,0.08464937413986898
combination_1_ABCD,BD,20,RandomForest,0.5859595592236806,0.08295324595664083
combination_1_ABCD,CD,20,KNN,0.6497686364335828,0.1059516402970829
combination_1_ABCD,CD,20,MICE,0.6142020482602824,0.10008680515348597
combination_1_ABCD,CD,20,RandomForest,0.6438135057750067,0.10496906925212823
combination_1_ABCD,ABC,20,KNN,0.7198209481185819,0.1043719230523637
combination_1_ABCD,ABC,20,MICE,0.6837023743848272,0.10003689471612284
combination_1_ABCD,ABC,20,RandomForest,0.7317210078477382,0.10669997941948649
combination_1_ABCD,ABD,20,KNN,0.6307463007038964,0.092245111384812
combination_1_ABCD,ABD,20,MICE,0.5750484597504368,0.08506105196637798
combination_1_ABCD,ABD,20,RandomForest,0.6353820407364008,0.09419994077215856
combination_1_ABCD,ACD,20,KNN,0.5648706169413765,0.09345024017386643
combination_1_ABCD,ACD,20,MICE,0.5550588703156336,0.0917662698106354
combination_1_ABCD,ACD,20,RandomForest,0.5820022140895598,0.09628035678141258
combination_1_ABCD,BCD,20,KNN,0.6752510569081133,0.09942628915803998
combination_1_ABCD,BCD,20,MICE,0.6685922037691701,0.09858139070247791
combination_1_ABCD,BCD,20,RandomForest,0.6583379063125285,0.09792627850964392
combination_1_ABCD,ABCD,20,KNN,0.6512865588736945,0.09792480867525963
combination_1_ABCD,ABCD,20,MICE,0.62690480460583,0.09454590113336483
combination_1_ABCD,ABCD,20,RandomForest,0.6650851577327469,0.1000924674991754
combination_2_ABCDE,A,10,KNN,0.2600766156402061,0.045152190215313553
combination_2_ABCDE,A,10,MICE,0.2780615732671697,0.04827457869221694
combination_2_ABCDE,A,10,RandomForest,0.2616534735088023,0.045425950261944834
combination_2_ABCDE,B,10,KNN,0.4968274556147124,0.05985872959213402
combination_2_ABCDE,B,10,MICE,0.5200334510786612,0.06265463266007965
combination_2_ABCDE,B,10,RandomForest,0.5265404153415508,0.06343860425801817
combination_2_ABCDE,C,10,KNN,0.5757900846960284,0.09081862534637672
combination_2_ABCDE,C,10,MICE,0.5308519425891242,0.083730590313742
combination_2_ABCDE,C,10,RandomForest,0.5420350539012481,0.08549448799704229
combination_2_ABCDE,D,10,KNN,0.34970475982375876,0.05988095202461622
combination_2_ABCDE,D,10,MICE,0.31447252623348787,0.053848035313953393
combination_2_ABCDE,D,10,RandomForest,0.32117423929405536,0.054995588920214965
combination_2_ABCDE,E,10,KNN,0.2722104670407627,0.046137367295044515
combination_2_ABCDE,E,10,MICE,0.26190508306711435,0.044390692045273614
combination_2_ABCDE,E,10,RandomForest,0.26390179848153006,0.04472911838670002
combination_2_ABCDE,AB,10,KNN,0.4201202701289308,0.05759524649552757
combination_2_ABCDE,AB,10,MICE,0.4385736839415325,0.059848642271055685
combination_2_ABCDE,AB,10,RandomForest,0.40431890644227053,0.054686293880163404
combination_2_ABCDE,AC,10,KNN,0.4217737968672187,0.06863231777519871
combination_2_ABCDE,AC,10,MICE,0.438911531277158,0.07142961525897623
combination_2_ABCDE,AC,10,RandomForest,0.42384358630819935,0.06895404626889363
combination_2_ABCDE,AD,10,KNN,0.3431402261471621,0.0590411551769375
combination_2_ABCDE,AD,10,MICE,0.3370577263319642,0.058038717334082446
combination_2_ABCDE,AD,10,RandomForest,0.3167737375468408,0.054529486514899805
combination_2_ABCDE,AE,10,KNN,0.29616848563448095,0.05072558768639037
combination_2_ABCDE,AE,10,MICE,0.30353989115245394,0.052020904259809944
combination_2_ABCDE,AE,10,RandomForest,0.2968675031900141,0.05083572206279272
combination_2_ABCDE,BC,10,KNN,0.5456873849160585,0.07661053014896929
combination_2_ABCDE,BC,10,MICE,0.5600930689249385,0.0786815124740204
combination_2_ABCDE,BC,10,RandomForest,0.5580046205807168,0.07808450359190368
combination_2_ABCDE,BD,10,KNN,0.48530722627035666,0.0701218486834803
combination_2_ABCDE,BD,10,MICE,0.47142939853953647,0.06721514555199981
combination_2_ABCDE,BD,10,RandomForest,0.47025394344869076,0.06688663489448828
combination_2_ABCDE,BE,10,KNN,0.41717515410074313,0.05829876172517232
combination_2_ABCDE,BE,10,MICE,0.425317656265897,0.059278678498222416
combination_2_ABCDE,BE,10,RandomForest,0.4297237926817651,0.05971279058920274
combination_2_ABCDE,CD,10,KNN,0.49681501878571954,0.08136467179370618
combination_2_ABCDE,CD,10,MICE,0.4652326600872108,0.0761246992068754
combination_2_ABCDE,CD,10,RandomForest,0.4649636323527021,0.0760419990409747
combination_2_ABCDE,CE,10,KNN,0.4415528680659177,0.07162567312025891
combination_2_ABCDE,CE,10,MICE,0.4316907113614734,0.07003169928841997
combination_2_ABCDE,CE,10,RandomForest,0.438337189428346,0.07116322410198521
combination_2_ABCDE,DE,10,KNN,0.34800658306468873,0.059294317928094
combination_2_ABCDE,DE,10,MICE,0.32093155063845613,0.054669018128613356
combination_2_ABCDE,DE,10,RandomForest,0.32421263089182806,0.055214732907693256
combination_2_ABCDE,ABC,10,KNN,0.46989007199057553,0.06835079503312257
combination_2_ABCDE,ABC,10,MICE,0.466772869296829,0.067436654526625
combination_2_ABCDE,ABC,10,RandomForest,0.4531586505143263,0.06539735869047386
combination_2_ABCDE,ABD,10,KNN,0.3990091489257955,0.05826351037152352
combination_2_ABCDE,ABD,10,MICE,0.3940013290535343,0.056949730094693375
combination_2_ABCDE,ABD,10,RandomForest,0.3638081546536291,0.05249563075407326
combination_2_ABCDE,ABE,10,KNN,0.37564086535741,0.054504047322092436
combination_2_ABCDE,ABE,10,MICE,0.3782269865082519,0.05439615907487041
combination_2_ABCDE,ABE,10,RandomForest,0.3633905619505778,0.05230440192783978
combination_2_ABCDE,ACD,10,KNN,0.38810751659530945,0.06399026635517398
combination_2_ABCDE,ACD,10,MICE,0.3882732714608757,0.06396530705437764
combination_2_ABCDE,ACD,10,RandomForest,0.3899437531922344,0.06423130356526349
combination_2_ABCDE,ACE,10,KNN,0.3914566950590828,0.064301478653623
combination_2_ABCDE,ACE,10,MICE,0.3791419585144086,0.06227930136221752
combination_2_ABCDE,ACE,10,RandomForest,0.371807440373083,0.06116791033966587
combination_2_ABCDE,ADE,10,KNN,0.32828462208171144,0.05623908457346048
combination_2_ABCDE,ADE,10,MICE,0.3149611709680273,0.05399093889935887
combination_2_ABCDE,ADE,10,RandomForest,0.3092267356886936,0.0529631319123292
combination_2_ABCDE,BCD,10,KNN,0.4637756023594324,0.06812583497439119
combination_2_ABCDE,BCD,10,MICE,0.4725211750655139,0.06931184908479258
combination_2_ABCDE,BCD,10,RandomForest,0.48228092264083416,0.07047576716183054
combination_2_ABCDE,BCE,10,KNN,0.46968489461923657,0.0687611689386742
combination_2_ABCDE,BCE,10,MICE,0.4605682925585341,0.06722323209026734
combination_2_ABCDE,BCE,10,RandomForest,0.4545200155625689,0.06637592280200627
combination_2_ABCDE,BDE,10,KNN,0.4362595702074078,0.06529575182804459
combination_2_ABCDE,BDE,10,MICE,0.4055002465986354,0.06024317720699878
combination_2_ABCDE,BDE,10,RandomForest,0.4107483796724189,0.06104174008101921
combination_2_ABCDE,CDE,10,KNN,0.4296113887795293,0.07092089422952698
combination_2_ABCDE,CDE,10,MICE,0.4045527377703567,0.06671795519930715
combination_2_ABCDE,CDE,10,RandomForest,0.4007076557152514,0.06610200806953942
combination_2_ABCDE,ABCD,10,KNN,0.4422289221525328,0.0666880409045949
combination_2_ABCDE,ABCD,10,MICE,0.43269265809865215,0.06458390093309324
combination_2_ABCDE,ABCD,10,RandomForest,0.4355063443784676,0.06545841206067746
combination_2_ABCDE,ABCE,10,KNN,0.4156619479288147,0.061618787307054834
combination_2_ABCDE,ABCE,10,MICE,0.4150022353678824,0.06149434707094483
combination_2_ABCDE,ABCE,10,RandomForest,0.39686772085596744,0.05879611549912409
combination_2_ABCDE,ABDE,10,KNN,0.35726059627680906,0.05348526130027672
combination_2_ABCDE,ABDE,10,MICE,0.36259818140529093,0.0539413565500393
combination_2_ABCDE,ABDE,10,RandomForest,0.3241839242471816,0.048202488364773186
combination_2_ABCDE,ACDE,10,KNN,0.35508713375661294,0.05886397809569227
combination_2_ABCDE,ACDE,10,MICE,0.35383455386139334,0.05856841341541014
combination_2_ABCDE,ACDE,10,RandomForest,0.34817394558828363,0.05758033315566964
combination_2_ABCDE,BCDE,10,KNN,0.41363594282809457,0.06254274998744147
combination_2_ABCDE,BCDE,10,MICE,0.4165245860213201,0.0625133646956088
combination_2_ABCDE,BCDE,10,RandomForest,0.4225019918535106,0.06342690602943712
combination_2_ABCDE,ABCDE,10,KNN,0.41930767944423086,0.06432006221269891
combination_2_ABCDE,ABCDE,10,MICE,0.40139767269394894,0.06096654561961752
combination_2_ABCDE,ABCDE,10,RandomForest,0.3948448798630505,0.06031567633225077
combination_2_ABCDE,A,15,KNN,0.3123302583538222,0.05422400318642745
combination_2_ABCDE,A,15,MICE,0.3333183209077769,0.05786776404648904
combination_2_ABCDE,A,15,RandomForest,0.33113925271933553,0.05748945359710685
combination_2_ABCDE,B,15,KNN,0.6471610713639789,0.07797121341734684
combination_2_ABCDE,B,15,MICE,0.6242610123153762,0.07521217015847906
combination_2_ABCDE,B,15,RandomForest,0.6199166113107308,0.07468874835069046
combination_2_ABCDE,C,15,KNN,0.6738991489539347,0.1062932411599266
combination_2_ABCDE,C,15,MICE,0.6412448745311303,0.10114272468945276
combination_2_ABCDE,C,15,RandomForest,0.6623158538052857,0.10446622299767913
combination_2_ABCDE,D,15,KNN,0.440868767291182,0.07549122727588731
combination_2_ABCDE,D,15,MICE,0.3763807047608056,0.06444875081520643
combination_2_ABCDE,D,15,RandomForest,0.40023725717514713,0.06853377691355257
combination_2_ABCDE,E,15,KNN,0.3450543971041659,0.05848379611935015
combination_2_ABCDE,E,15,MICE,0.3333755052582716,0.056504322925130766
combination_2_ABCDE,E,15,RandomForest,0.3153669450778783,0.05345202458947092
combination_2_ABCDE,AB,15,KNN,0.5864972090482727,0.08093995891010708
combination_2_ABCDE,AB,15,MICE,0.5543127297785913,0.07625602730643624
combination_2_ABCDE,AB,15,RandomForest,0.5244746915211637,0.0720958552351916
combination_2_ABCDE,AC,15,KNN,0.5221240492922281,0.08482433996762803
combination_2_ABCDE,AC,15,MICE,0.522113668094623,0.08501669209992532
combination_2_ABCDE,AC,15,RandomForest,0.5300516737860145,0.08641147187372453
combination_2_ABCDE,AD,15,KNN,0.38447078209494195,0.06617038488945562
combination_2_ABCDE,AD,15,MICE,0.3836564314743236,0.0660887113541077
combination_2_ABCDE,AD,15,RandomForest,0.36515000216785676,0.0628838894061797
combination_2_ABCDE,AE,15,KNN,0.3500403040281853,0.059977085131829075
combination_2_ABCDE,AE,15,MICE,0.3478376551656793,0.05964285233476881
combination_2_ABCDE,AE,15,RandomForest,0.3435611645423822,0.05889808718614997
combination_2_ABCDE,BC,15,KNN,0.6878426724167662,0.09662803189056045
combination_2_ABCDE,BC,15,MICE,0.6655136707654885,0.09334044159154609
combination_2_ABCDE,BC,15,RandomForest,0.65778667780862,0.09201598696332221
combination_2_ABCDE,BD,15,KNN,0.5796181095870722,0.08273665255180152
combination_2_ABCDE,BD,15,MICE,0.5334884151325171,0.07544212092937097
combination_2_ABCDE,BD,15,RandomForest,0.5236514843953868,0.07427708264560569
combination_2_ABCDE,BE,15,KNN,0.4986921379441256,0.06877885314505634
combination_2_ABCDE,BE,15,MICE,0.49023337316524074,0.06787340780084379
combination_2_ABCDE,BE,15,RandomForest,0.47873381348021926,0.06634333762566244
combination_2_ABCDE,CD,15,KNN,0.5555022655631349,0.09081458773573814
combination_2_ABCDE,CD,15,MICE,0.5404558304842693,0.08822612288076748
combination_2_ABCDE,CD,15,RandomForest,0.5521598605972153,0.09013454137132794
combination_2_ABCDE,CE,15,KNN,0.49942183579410804,0.08090703122194656
combination_2_ABCDE,CE,15,MICE,0.5048371520946511,0.08176664957855817
combination_2_ABCDE,CE,15,RandomForest,0.5116375062357594,0.08282667804156674
combination_2_ABCDE,DE,15,KNN,0.4332366960310218,0.07382643500847103
combination_2_ABCDE,DE,15,MICE,0.3722093463041868,0.06341612413065414
combination_2_ABCDE,DE,15,RandomForest,0.38870634590576747,0.0662237041726579
combination_2_ABCDE,ABC,15,KNN,0.6194631434987325,0.09000091685685835
combination_2_ABCDE,ABC,15,MICE,0.5999867947862199,0.08712489059072234
combination_2_ABCDE,ABC,15,RandomForest,0.593913677269959,0.0863809662925246
combination_2_ABCDE,ABD,15,KNN,0.5171374356495727,0.07614620941682032
combination_2_ABCDE,ABD,15,MICE,0.521052932700906,0.07581496327159934
combination_2_ABCDE,ABD,15,RandomForest,0.48272393976407924,0.0705777198205376
combination_2_ABCDE,ABE,15,KNN,0.5033020271393769,0.07286226677281461
combination_2_ABCDE,ABE,15,MICE,0.46419405910676603,0.06691241233499544
combination_2_ABCDE,ABE,15,RandomForest,0.4693586728728497,0.06820703749475485
combination_2_ABCDE,ACD,15,KNN,0.48330027574232054,0.07968707442066882
combination_2_ABCDE,ACD,15,MICE,0.46774082765459835,0.07716576651765393
combination_2_ABCDE,ACD,15,RandomForest,0.488090937580075,0.0805216495709105
combination_2_ABCDE,ACE,15,KNN,0.45918370848682477,0.07538766511116489
combination_2_ABCDE,ACE,15,MICE,0.4493536462756241,0.0738159790923394
combination_2_ABCDE,ACE,15,RandomForest,0.47205160437379073,0.0776940214361383
combination_2_ABCDE,ADE,15,KNN,0.38185822179402373,0.0654167964945887
combination_2_ABCDE,ADE,15,MICE,0.3618696436033025,0.06204638379040046
combination_2_ABCDE,ADE,15,RandomForest,0.36245819035479393,0.06210455071702377
combination_2_ABCDE,BCD,15,KNN,0.5822676585767119,0.0857015993475588
combination_2_ABCDE,BCD,15,MICE,0.5628654449412097,0.08260955162863853
combination_2_ABCDE,BCD,15,RandomForest,0.5695484132586611,0.08386516760622952
combination_2_ABCDE,BCE,15,KNN,0.5597634728003255,0.08178043518286608
combination_2_ABCDE,BCE,15,MICE,0.5455483743640251,0.07947814175879149
combination_2_ABCDE,BCE,15,RandomForest,0.5465670732172673,0.07989260155320939
combination_2_ABCDE,BDE,15,KNN,0.506367205901014,0.07559044434606094
combination_2_ABCDE,BDE,15,MICE,0.4625798836513487,0.0684238933108453
combination_2_ABCDE,BDE,15,RandomForest,0.4674743072976406,0.06942238603147649
combination_2_ABCDE,CDE,15,KNN,0.4969233502387192,0.0819969282396787
combination_2_ABCDE,CDE,15,MICE,0.4645459069161756,0.07649573308491396
combination_2_ABCDE,CDE,15,RandomForest,0.468602086156615,0.0772665268145412
combination_2_ABCDE,ABCD,15,KNN,0.5643458002936157,0.08464376217904589
combination_2_ABCDE,ABCD,15,MICE,0.5408046213521802,0.08080791992632438
combination_2_ABCDE,ABCD,15,RandomForest,0.5422079119233374,0.08151332987006646
combination_2_ABCDE,ABCE,15,KNN,0.5330713093061792,0.07900989368077811
combination_2_ABCDE,ABCE,15,MICE,0.5242393505688575,0.07788380536299666
combination_2_ABCDE,ABCE,15,RandomForest,0.5169122764701835,0.07692989422646676
combination_2_ABCDE,ABDE,15,KNN,0.46706948024141937,0.07054267689944602
combination_2_ABCDE,ABDE,15,MICE,0.46703797014236,0.0696617768574803
combination_2_ABCDE,ABDE,15,RandomForest,0.42698353111483023,0.06384108288173851
combination_2_ABCDE,ACDE,15,KNN,0.4405923353962026,0.07306361892892786
combination_2_ABCDE,ACDE,15,MICE,0.42196281230514765,0.06992172113011756
combination_2_ABCDE,ACDE,15,RandomForest,0.4439526195181817,0.07353735410768766
combination_2_ABCDE,BCDE,15,KNN,0.5198289364209407,0.07862515084619341
combination_2_ABCDE,BCDE,15,MICE,0.4929387393742955,0.07397831919199889
combination_2_ABCDE,BCDE,15,RandomForest,0.49200488012409405,0.07421592243949535
combination_2_ABCDE,ABCDE,15,KNN,0.526583271279191,0.08006154368734769
combination_2_ABCDE,ABCDE,15,MICE,0.4933446959367698,0.07500703342452335
combination_2_ABCDE,ABCDE,15,RandomForest,0.4919270678010898,0.07523863042975204
combination_2_ABCDE,A,20,KNN,0.3770568706999313,0.06546126227429361
combination_2_ABCDE,A,20,MICE,0.3893662208665178,0.06759830223377043
combination_2_ABCDE,A,20,RandomForest,0.3858388883991633,0.06698591812485473
combination_2_ABCDE,B,20,KNN,0.7999865830399081,0.09638392566745879
combination_2_ABCDE,B,20,MICE,0.7565597489031479,0.09115177697628288
combination_2_ABCDE,B,20,RandomForest,0.7315450003728516,0.08813795185215081
combination_2_ABCDE,C,20,KNN,0.7909996050005688,0.12476334463731369
combination_2_ABCDE,C,20,MICE,0.7636306816448974,0.1204464797547157
combination_2_ABCDE,C,20,RandomForest,0.7488170673697768,0.11810994753466512
combination_2_ABCDE,D,20,KNN,0.5339866603524417,0.09143607197815781
combination_2_ABCDE,D,20,MICE,0.45698871922386386,0.0782514930177849
combination_2_ABCDE,D,20,RandomForest,0.46098149109544906,0.07893518683141251
combination_2_ABCDE,E,20,KNN,0.43359956450958953,0.07349145161179484
combination_2_ABCDE,E,20,MICE,0.3960346670344263,0.06712451983634345
combination_2_ABCDE,E,20,RandomForest,0.38710010484340013,0.06561018726159325
combination_2_ABCDE,AB,20,KNN,0.7201195953461547,0.0993822484833156
combination_2_ABCDE,AB,20,MICE,0.6533704650511666,0.09002164536335856
combination_2_ABCDE,AB,20,RandomForest,0.6390195528910214,0.08775044557596606
combination_2_ABCDE,AC,20,KNN,0.5933653112753459,0.09654178453718645
combination_2_ABCDE,AC,20,MICE,0.5952985400785842,0.09704663358782936
combination_2_ABCDE,AC,20,RandomForest,0.6008837209106495,0.09805039266208718
combination_2_ABCDE,AD,20,KNN,0.45068566008211947,0.07760154822661057
combination_2_ABCDE,AD,20,MICE,0.45012538330584667,0.07754349214709183
combination_2_ABCDE,AD,20,RandomForest,0.44716032984252047,0.07703373264144846
combination_2_ABCDE,AE,20,KNN,0.39478727737391195,0.06769969193436902
combination_2_ABCDE,AE,20,MICE,0.38509809187321886,0.06607640856516372
combination_2_ABCDE,AE,20,RandomForest,0.4043348353777622,0.06938190938560766
combination_2_ABCDE,BC,20,KNN,0.815639462496369,0.11330088355260774
combination_2_ABCDE,BC,20,MICE,0.7811628158277956,0.10887286890042513
combination_2_ABCDE,BC,20,RandomForest,0.7686240184300933,0.1073753816600892
combination_2_ABCDE,BD,20,KNN,0.6918119169294805,0.09781009093599176
combination_2_ABCDE,BD,20,MICE,0.6433674950174482,0.09064767972876756
combination_2_ABCDE,BD,20,RandomForest,0.6191355033000311,0.08758588352612154
combination_2_ABCDE,BE,20,KNN,0.5833825655482668,0.07944082383963816
combination_2_ABCDE,BE,20,MICE,0.5647799319648398,0.07728588026575169
combination_2_ABCDE,BE,20,RandomForest,0.5394947795353834,0.07424646503836677
combination_2_ABCDE,CD,20,KNN,0.662507619597617,0.10805731355109716
combination_2_ABCDE,CD,20,MICE,0.6449411030392226,0.10523280187865622
combination_2_ABCDE,CD,20,RandomForest,0.6432260549558114,0.10494511757639136
combination_2_ABCDE,CE,20,KNN,0.5561919258065544,0.08994278139380822
combination_2_ABCDE,CE,20,MICE,0.565773768756037,0.09143444816334273
combination_2_ABCDE,CE,20,RandomForest,0.5644335836239969,0.09123414164366761
combination_2_ABCDE,DE,20,KNN,0.501568639882506,0.085500784580509
combination_2_ABCDE,DE,20,MICE,0.436235381987575,0.07434969263937222
combination_2_ABCDE,DE,20,RandomForest,0.43662750976268905,0.07440341768482239
combination_2_ABCDE,ABC,20,KNN,0.750819494505438,0.10913759209296219
combination_2_ABCDE,ABC,20,MICE,0.6967963482042118,0.10127310150578066
combination_2_ABCDE,ABC,20,RandomForest,0.6949623504237993,0.10101314976203525
combination_2_ABCDE,ABD,20,KNN,0.6147530712459894,0.09045369408528975
combination_2_ABCDE,ABD,20,MICE,0.5967681954909272,0.0869414359273824
combination_2_ABCDE,ABD,20,RandomForest,0.5713151046023605,0.08356850420782372
combination_2_ABCDE,ABE,20,KNN,0.6188023821579096,0.08943395633188844
combination_2_ABCDE,ABE,20,MICE,0.5489580886984028,0.07937482471672487
combination_2_ABCDE,ABE,20,RandomForest,0.5564495280494896,0.08044261611058284
combination_2_ABCDE,ACD,20,KNN,0.5547179801755093,0.09153922366716284
combination_2_ABCDE,ACD,20,MICE,0.5488161237632022,0.09061837204924993
combination_2_ABCDE,ACD,20,RandomForest,0.5571968948172088,0.09202731497921517
combination_2_ABCDE,ACE,20,KNN,0.5177709634668792,0.08520980100213928
combination_2_ABCDE,ACE,20,MICE,0.5263168392910684,0.08655621109366309
combination_2_ABCDE,ACE,20,RandomForest,0.5483743366049044,0.09031092220181448
combination_2_ABCDE,ADE,20,KNN,0.44835143278320133,0.07682582260606154
combination_2_ABCDE,ADE,20,MICE,0.4281237589241192,0.07340431156842418
combination_2_ABCDE,ADE,20,RandomForest,0.4252013752542085,0.07287371830036032
combination_2_ABCDE,BCD,20,KNN,0.6826243487121777,0.09981175737035314
combination_2_ABCDE,BCD,20,MICE,0.6685158385320084,0.09780467195032719
combination_2_ABCDE,BCD,20,RandomForest,0.6552033312730534,0.09652793381856675
combination_2_ABCDE,BCE,20,KNN,0.6597439536644946,0.09539048200734693
combination_2_ABCDE,BCE,20,MICE,0.6486414897882329,0.09424721529434314
combination_2_ABCDE,BCE,20,RandomForest,0.6331979973958191,0.09245479457747259
combination_2_ABCDE,BDE,20,KNN,0.5946154912694933,0.08832982524338293
combination_2_ABCDE,BDE,20,MICE,0.5569447627016538,0.08215222372220549
combination_2_ABCDE,BDE,20,RandomForest,0.5461153847982821,0.08122338136902706
combination_2_ABCDE,CDE,20,KNN,0.6018814754513354,0.09920840484925425
combination_2_ABCDE,CDE,20,MICE,0.5572193511760501,0.09172146176379475
combination_2_ABCDE,CDE,20,RandomForest,0.560450726480163,0.09228185775857836
combination_2_ABCDE,ABCD,20,KNN,0.6719034670543305,0.10022427784182522
combination_2_ABCDE,ABCD,20,MICE,0.6175961862082545,0.09227069816661734
combination_2_ABCDE,ABCD,20,RandomForest,0.6303283713567189,0.09455440884635022
combination_2_ABCDE,ABCE,20,KNN,0.6391653239746788,0.09453599380034436
combination_2_ABCDE,ABCE,20,MICE,0.6088846223537046,0.0904639190915075
combination_2_ABCDE,ABCE,20,RandomForest,0.5932371693623807,0.08793392256865756
combination_2_ABCDE,ABDE,20,KNN,0.5427893373278059,0.08185988446770484
combination_2_ABCDE,ABDE,20,MICE,0.5379395039806345,0.08038049834392906
combination_2_ABCDE,ABDE,20,RandomForest,0.5083810956433348,0.07622576857078198
combination_2_ABCDE,ACDE,20,KNN,0.5177566279119274,0.08598821177464633
combination_2_ABCDE,ACDE,20,MICE,0.5072130941563308,0.08410618460617626
combination_2_ABCDE,ACDE,20,RandomForest,0.5195379446021298,0.08623450429198984
combination_2_ABCDE,BCDE,20,KNN,0.6046502433511028,0.0910715459035256
combination_2_ABCDE,BCDE,20,MICE,0.5972464515490372,0.08947144050237552
combination_2_ABCDE,BCDE,20,RandomForest,0.5859735269573945,0.08846055921952216
combination_2_ABCDE,ABCDE,20,KNN,0.6193150831703541,0.09388496380230739
combination_2_ABCDE,ABCDE,20,MICE,0.5701378968877365,0.08676641578743878
combination_2_ABCDE,ABCDE,20,RandomForest,0.5789694262747914,0.08833317113447507
combination_3_ABCDF,A,10,KNN,0.3714490182839115,0.07088721722975413
combination_3_ABCDF,A,10,MICE,0.33648596990965457,0.06421487975375088
combination_3_ABCDF,A,10,RandomForest,0.2966760685713223,0.056617570338038624
combination_3_ABCDF,B,10,KNN,0.49722610445165233,0.06710203838753741
combination_3_ABCDF,B,10,MICE,0.4461736512023659,0.06021236858331523
combination_3_ABCDF,B,10,RandomForest,0.29803861739399584,0.04022113595060672
combination_3_ABCDF,C,10,KNN,0.6025860519244549,0.09993135189460282
combination_3_ABCDF,C,10,MICE,0.592298921501725,0.09822536011637231
combination_3_ABCDF,C,10,RandomForest,0.5455786622558456,0.09047739009218005
combination_3_ABCDF,D,10,KNN,0.5108535023229732,0.09712043770398732
combination_3_ABCDF,D,10,MICE,0.5111857785040179,0.09718360808061174
combination_3_ABCDF,D,10,RandomForest,0.47847022841943404,0.09096392175274412
combination_3_ABCDF,F,10,KNN,0.43322515221279784,0.05361697428376211
combination_3_ABCDF,F,10,MICE,0.45068888243285193,0.055778327033768796
combination_3_ABCDF,F,10,RandomForest,0.5561553982716348,0.06883111364747956
combination_3_ABCDF,AB,10,KNN,0.44802290682866924,0.07226397606914742
combination_3_ABCDF,AB,10,MICE,0.42163073684605284,0.06726083712608479
combination_3_ABCDF,AB,10,RandomForest,0.368753081959976,0.05798673747451766
combination_3_ABCDF,AC,10,KNN,0.42283801445772295,0.07487846296861031
combination_3_ABCDF,AC,10,MICE,0.35503219762607,0.06346342620387886
combination_3_ABCDF,AC,10,RandomForest,0.34209985520962805,0.060977113471221686
combination_3_ABCDF,AD,10,KNN,0.3661635342402664,0.06974528668223633
combination_3_ABCDF,AD,10,MICE,0.3521734911073635,0.06707256541183564
combination_3_ABCDF,AD,10,RandomForest,0.35969874527701806,0.0684953556484487
combination_3_ABCDF,AF,10,KNN,0.36510603950292997,0.05766659284029972
combination_3_ABCDF,AF,10,MICE,0.29391069702920253,0.04776387269190769
combination_3_ABCDF,AF,10,RandomForest,0.29388909533544505,0.045901504061145196
combination_3_ABCDF,BC,10,KNN,0.44192804778728334,0.06617481291371045
combination_3_ABCDF,BC,10,MICE,0.38981633461780585,0.05734218344556287
combination_3_ABCDF,BC,10,RandomForest,0.3125133848975888,0.04723544574811102
combination_3_ABCDF,BD,10,KNN,0.4081075496174888,0.06386330846480193
combination_3_ABCDF,BD,10,MICE,0.3881494491290094,0.062494934806147186
combination_3_ABCDF,BD,10,RandomForest,0.3425778439939334,0.05755831153849348
combination_3_ABCDF,BF,10,KNN,0.40301402768485667,0.05233692433772169
combination_3_ABCDF,BF,10,MICE,0.34144902374241154,0.044690493017702275
combination_3_ABCDF,BF,10,RandomForest,0.31898017601457207,0.041307109671625895
combination_3_ABCDF,CD,10,KNN,0.48185218136214464,0.08427054399151543
combination_3_ABCDF,CD,10,MICE,0.5321583482277632,0.09312085867575007
combination_3_ABCDF,CD,10,RandomForest,0.48439799520236954,0.0853764284964545
combination_3_ABCDF,CF,10,KNN,0.4726747356137194,0.07098675391834784
combination_3_ABCDF,CF,10,MICE,0.42245278080078996,0.06483451464765792
combination_3_ABCDF,CF,10,RandomForest,0.41899836362536186,0.06310646650346802
combination_3_ABCDF,DF,10,KNN,0.45573751989871863,0.07444623335398662
combination_3_ABCDF,DF,10,MICE,0.3807798983253775,0.06415473627849962
combination_3_ABCDF,DF,10,RandomForest,0.3936861054290692,0.06549309070502904
combination_3_ABCDF,ABC,10,KNN,0.473143248721941,0.07657740305025366
combination_3_ABCDF,ABC,10,MICE,0.45543329385695835,0.07344682057650362
combination_3_ABCDF,ABC,10,RandomForest,0.36868866424498464,0.05929944942945183
combination_3_ABCDF,ABD,10,KNN,0.47653107821422697,0.0806517114240237
combination_3_ABCDF,ABD,10,MICE,0.4437052554186669,0.07516619757633106
combination_3_ABCDF,ABD,10,RandomForest,0.394077118611766,0.06691026938364333
combination_3_ABCDF,ABF,10,KNN,0.4513288502263037,0.06701589804894466
combination_3_ABCDF,ABF,10,MICE,0.4379073620895675,0.0640889176536726
combination_3_ABCDF,ABF,10,RandomForest,0.4447724441256677,0.06338056283887646
combination_3_ABCDF,ACD,10,KNN,0.43332848154413706,0.07884907892830009
combination_3_ABCDF,ACD,10,MICE,0.40322870279163603,0.07371677799191396
combination_3_ABCDF,ACD,10,RandomForest,0.38043467162674166,0.06950692982190788
combination_3_ABCDF,ACF,10,KNN,0.44285534332754267,0.06983399142820841
combination_3_ABCDF,ACF,10,MICE,0.400365603956597,0.06253026322770036
combination_3_ABCDF,ACF,10,RandomForest,0.4222683007106686,0.06477498289361734
combination_3_ABCDF,ADF,10,KNN,0.3949757923710642,0.06526250443197626
combination_3_ABCDF,ADF,10,MICE,0.39856770137714664,0.06497731568453938
combination_3_ABCDF,ADF,10,RandomForest,0.42281032367574,0.06832005716121442
combination_3_ABCDF,BCD,10,KNN,0.4550280892824637,0.0748463197508579
combination_3_ABCDF,BCD,10,MICE,0.44584129591556454,0.07239913619348655
combination_3_ABCDF,BCD,10,RandomForest,0.37624811549111087,0.06361580757668778
combination_3_ABCDF,BCF,10,KNN,0.46644909285677577,0.06534159516005685
combination_3_ABCDF,BCF,10,MICE,0.423444256365588,0.05850810097346624
combination_3_ABCDF,BCF,10,RandomForest,0.40726983288189855,0.05638679105525292
combination_3_ABCDF,BDF,10,KNN,0.42823636796428227,0.06175787583255901
combination_3_ABCDF,BDF,10,MICE,0.4215572757693362,0.06178706396573283
combination_3_ABCDF,BDF,10,RandomForest,0.41904114066242454,0.0621169574020463
combination_3_ABCDF,CDF,10,KNN,0.5007987763225834,0.07887819853441029
combination_3_ABCDF,CDF,10,MICE,0.517037919916689,0.08210879069933007
combination_3_ABCDF,CDF,10,RandomForest,0.49609749887286986,0.07878668169734512
combination_3_ABCDF,ABCD,10,KNN,0.4293644323960266,0.07146614064381321
combination_3_ABCDF,ABCD,10,MICE,0.40543080660933856,0.06716839543861067
combination_3_ABCDF,ABCD,10,RandomForest,0.33603250412732966,0.05586554973797712
combination_3_ABCDF,ABCF,10,KNN,0.4468637871339027,0.06847416964651669
combination_3_ABCDF,ABCF,10,MICE,0.44934294442542677,0.06847700817465514
combination_3_ABCDF,ABCF,10,RandomForest,0.41161426392586364,0.06178973151496005
combination_3_ABCDF,ABDF,10,KNN,0.4529180254678156,0.07203468125589577
combination_3_ABCDF,ABDF,10,MICE,0.4398843701991817,0.06971469818042643
combination_3_ABCDF,ABDF,10,RandomForest,0.39786538792525405,0.062037221813697016
combination_3_ABCDF,ACDF,10,KNN,0.42154057603490147,0.07064935001609528
combination_3_ABCDF,ACDF,10,MICE,0.40781373134794413,0.06836638517710812
combination_3_ABCDF,ACDF,10,RandomForest,0.4025590220906737,0.06653206881754632
combination_3_ABCDF,BCDF,10,KNN,0.4364589044579123,0.06773663412677676
combination_3_ABCDF,BCDF,10,MICE,0.43924754853568293,0.06734120716341577
combination_3_ABCDF,BCDF,10,RandomForest,0.3944937107010556,0.061307259350698994
combination_3_ABCDF,ABCDF,10,KNN,0.46553895361088626,0.07254778925572256
combination_3_ABCDF,ABCDF,10,MICE,0.42399932821321895,0.06634558816975777
combination_3_ABCDF,ABCDF,10,RandomForest,0.372816249695362,0.05734968737096697
combination_3_ABCDF,A,15,KNN,0.38247948027895695,0.07299226722880861
combination_3_ABCDF,A,15,MICE,0.34432193874709427,0.06571029365402564
combination_3_ABCDF,A,15,RandomForest,0.3254761676868524,0.062113772459322994
combination_3_ABCDF,B,15,KNN,0.5430530704927418,0.07328651423653733
combination_3_ABCDF,B,15,MICE,0.4756480409494026,0.06419001902151181
combination_3_ABCDF,B,15,RandomForest,0.41661207387161453,0.05622295193948914
combination_3_ABCDF,C,15,KNN,0.6355047014140796,0.1053904977469452
combination_3_ABCDF,C,15,MICE,0.6056601171321195,0.10044114711975449
combination_3_ABCDF,C,15,RandomForest,0.5416091977806995,0.08981910410956875
combination_3_ABCDF,D,15,KNN,0.5238058410723173,0.09958285951945195
combination_3_ABCDF,D,15,MICE,0.5148790662185254,0.09788575403394016
combination_3_ABCDF,D,15,RandomForest,0.515440303612613,0.09799245315829144
combination_3_ABCDF,F,15,KNN,0.47083424306299354,0.058271564735519
combination_3_ABCDF,F,15,MICE,0.482115371399193,0.05966774398504863
combination_3_ABCDF,F,15,RandomForest,0.6028826575624797,0.07461419029238611
combination_3_ABCDF,AB,15,KNN,0.5310592780963466,0.08360273087448752
combination_3_ABCDF,AB,15,MICE,0.49318014335237753,0.07709791975155525
combination_3_ABCDF,AB,15,RandomForest,0.4472643751381587,0.06972819006047262
combination_3_ABCDF,AC,15,KNN,0.5392020246107778,0.09449731879104403
combination_3_ABCDF,AC,15,MICE,0.4282505766949923,0.07572482481917783
combination_3_ABCDF,AC,15,RandomForest,0.43089628728401175,0.07601925998097787
combination_3_ABCDF,AD,15,KNN,0.46019014165799055,0.08762572247094855
combination_3_ABCDF,AD,15,MICE,0.445519020340012,0.08482365108525357
combination_3_ABCDF,AD,15,RandomForest,0.4364569998918727,0.08309314085830637
combination_3_ABCDF,AF,15,KNN,0.4640977383418865,0.07037836477980039
combination_3_ABCDF,AF,15,MICE,0.38809378143372497,0.05967401330026215
combination_3_ABCDF,AF,15,RandomForest,0.3881258977525431,0.05860253071330936
combination_3_ABCDF,BC,15,KNN,0.5751586151607764,0.0875492707346811
combination_3_ABCDF,BC,15,MICE,0.4908862945149851,0.07362923846494866
combination_3_ABCDF,BC,15,RandomForest,0.45514107425868017,0.06929408653744078
combination_3_ABCDF,BD,15,KNN,0.5194091498733888,0.08435865106556802
combination_3_ABCDF,BD,15,MICE,0.4968423937192707,0.08214011422391634
combination_3_ABCDF,BD,15,RandomForest,0.4745980463357856,0.0799649271417716
combination_3_ABCDF,BF,15,KNN,0.5190389399954319,0.0669558566989321
combination_3_ABCDF,BF,15,MICE,0.4464721164711841,0.05785121228611795
combination_3_ABCDF,BF,15,RandomForest,0.44138939168130104,0.05697092613176378
combination_3_ABCDF,CD,15,KNN,0.573255641129174,0.10155101931796096
combination_3_ABCDF,CD,15,MICE,0.6215285785118124,0.10987188057153863
combination_3_ABCDF,CD,15,RandomForest,0.5720326965118302,0.10214124858437348
combination_3_ABCDF,CF,15,KNN,0.575412221046701,0.08392980487258979
combination_3_ABCDF,CF,15,MICE,0.5133013205790432,0.07609837238466936
combination_3_ABCDF,CF,15,RandomForest,0.4928490806427934,0.07279455038557223
combination_3_ABCDF,DF,15,KNN,0.5523324870717251,0.0869306229556637
combination_3_ABCDF,DF,15,MICE,0.4649068185996307,0.07415070599408488
combination_3_ABCDF,DF,15,RandomForest,0.4675926711154951,0.07372716050264093
combination_3_ABCDF,ABC,15,KNN,0.5803383615325646,0.0930740139903161
combination_3_ABCDF,ABC,15,MICE,0.5311338694741264,0.08490070554873105
combination_3_ABCDF,ABC,15,RandomForest,0.43270780178124846,0.06900943165482513
combination_3_ABCDF,ABD,15,KNN,0.5485882554141264,0.09136240316641547
combination_3_ABCDF,ABD,15,MICE,0.49944151390610064,0.0833708119307521
combination_3_ABCDF,ABD,15,RandomForest,0.43962182949457557,0.0734464467994032
combination_3_ABCDF,ABF,15,KNN,0.49946534517844177,0.07373004473115831
combination_3_ABCDF,ABF,15,MICE,0.4945668874001215,0.07165450888675913
combination_3_ABCDF,ABF,15,RandomForest,0.4981938252958202,0.07076270180598482
combination_3_ABCDF,ACD,15,KNN,0.4986792491370379,0.08965740719795384
combination_3_ABCDF,ACD,15,MICE,0.43546722017440787,0.07915914034465213
combination_3_ABCDF,ACD,15,RandomForest,0.4271719260234633,0.07801793925544719
combination_3_ABCDF,ACF,15,KNN,0.5292332121564578,0.08392300626334184
combination_3_ABCDF,ACF,15,MICE,0.4609709127105613,0.07205405718865482
combination_3_ABCDF,ACF,15,RandomForest,0.4607230518501809,0.07155610618881549
combination_3_ABCDF,ADF,15,KNN,0.47636609703027716,0.07971308821739002
combination_3_ABCDF,ADF,15,MICE,0.47437531588350323,0.07839762439139811
combination_3_ABCDF,ADF,15,RandomForest,0.47956001556955835,0.07938231091690975
combination_3_ABCDF,BCD,15,KNN,0.5216184635058688,0.08514867494692875
combination_3_ABCDF,BCD,15,MICE,0.4771557144545588,0.07707491317210358
combination_3_ABCDF,BCD,15,RandomForest,0.45876606216582994,0.07647959919067068
combination_3_ABCDF,BCF,15,KNN,0.5679506245175134,0.08140652453827678
combination_3_ABCDF,BCF,15,MICE,0.505082603204347,0.07103981803009449
combination_3_ABCDF,BCF,15,RandomForest,0.49085512478968407,0.06891893642926473
combination_3_ABCDF,BDF,15,KNN,0.5082749889509712,0.07611844461893894
combination_3_ABCDF,BDF,15,MICE,0.5085971045109458,0.07664966453680107
combination_3_ABCDF,BDF,15,RandomForest,0.5470629025747896,0.0825737897816228
combination_3_ABCDF,CDF,15,KNN,0.548626970030643,0.08853162050601451
combination_3_ABCDF,CDF,15,MICE,0.5978220374156238,0.0962815538284694
combination_3_ABCDF,CDF,15,RandomForest,0.5637871464364878,0.09069786151869112
combination_3_ABCDF,ABCD,15,KNN,0.5518978507671195,0.09179598840869976
combination_3_ABCDF,ABCD,15,MICE,0.505664873747756,0.08423742883010266
combination_3_ABCDF,ABCD,15,RandomForest,0.44153163798612016,0.07355170221583199
combination_3_ABCDF,ABCF,15,KNN,0.5558269258168574,0.08334642106913523
combination_3_ABCDF,ABCF,15,MICE,0.5782340451734806,0.08606427427829624
combination_3_ABCDF,ABCF,15,RandomForest,0.523771142043476,0.0765622392235029
combination_3_ABCDF,ABDF,15,KNN,0.5336601428620666,0.08292258640179946
combination_3_ABCDF,ABDF,15,MICE,0.5487070680512025,0.08420656030948033
combination_3_ABCDF,ABDF,15,RandomForest,0.5082313577332507,0.07712350846847849
combination_3_ABCDF,ACDF,15,KNN,0.5092258283290472,0.0838852320608425
combination_3_ABCDF,ACDF,15,MICE,0.5087293835871023,0.08268895940538881
combination_3_ABCDF,ACDF,15,RandomForest,0.5069781626225697,0.08253593063167267
combination_3_ABCDF,BCDF,15,KNN,0.5282180543215577,0.08092853047843757
combination_3_ABCDF,BCDF,15,MICE,0.5436326733916195,0.0813669754767837
combination_3_ABCDF,BCDF,15,RandomForest,0.5400790122695096,0.08148242439542962
combination_3_ABCDF,ABCDF,15,KNN,0.6012473994285539,0.09326429197410797
combination_3_ABCDF,ABCDF,15,MICE,0.5431535001787783,0.08410477721370607
combination_3_ABCDF,ABCDF,15,RandomForest,0.4882259239410198,0.07477690890966963
combination_3_ABCDF,A,20,KNN,0.41401520994625207,0.07901053624928477
combination_3_ABCDF,A,20,MICE,0.4143088515670768,0.0790665747265414
combination_3_ABCDF,A,20,RandomForest,0.3570810983357015,0.06814524777398885
combination_3_ABCDF,B,20,KNN,0.7857046403785511,0.10603301489589083
combination_3_ABCDF,B,20,MICE,0.7299365573712558,0.09850695780988605
combination_3_ABCDF,B,20,RandomForest,0.5173078785214907,0.06981212935512693
combination_3_ABCDF,C,20,KNN,0.8280399396289153,0.13732005632320327
combination_3_ABCDF,C,20,MICE,0.6580165620663262,0.1091238079711984
combination_3_ABCDF,C,20,RandomForest,0.7332880918251955,0.12160664872722977
combination_3_ABCDF,D,20,KNN,0.7400699696221693,0.14069771285592572
combination_3_ABCDF,D,20,MICE,0.6605827640715302,0.12558607681968253
combination_3_ABCDF,D,20,RandomForest,0.7216107478092075,0.13718835509680752
combination_3_ABCDF,F,20,KNN,0.5841370400209651,0.07229418812140657
combination_3_ABCDF,F,20,MICE,0.6000754272358055,0.0742667607965106
combination_3_ABCDF,F,20,RandomForest,0.6920420951673079,0.08564877415436979
combination_3_ABCDF,AB,20,KNN,0.6643915597463887,0.10341597011556809
combination_3_ABCDF,AB,20,MICE,0.6376826467412062,0.0980125714020482
combination_3_ABCDF,AB,20,RandomForest,0.536387256727803,0.08278372075551862
combination_3_ABCDF,AC,20,KNN,0.6380868067518872,0.11111480420566597
combination_3_ABCDF,AC,20,MICE,0.5159683517911222,0.09107979215576692
combination_3_ABCDF,AC,20,RandomForest,0.5664138311752417,0.0992614760293334
combination_3_ABCDF,AD,20,KNN,0.5718015188708755,0.10885753499349224
combination_3_ABCDF,AD,20,MICE,0.5546850958621107,0.10560354706450441
combination_3_ABCDF,AD,20,RandomForest,0.5477788247119062,0.10426942338606493
combination_3_ABCDF,AF,20,KNN,0.5489885370796278,0.08171314663629106
combination_3_ABCDF,AF,20,MICE,0.501769989659801,0.07618829893356517
combination_3_ABCDF,AF,20,RandomForest,0.51222571159521,0.07540815335101995
combination_3_ABCDF,BC,20,KNN,0.7756134767098424,0.11689481732302873
combination_3_ABCDF,BC,20,MICE,0.6817658174314568,0.10140237626168673
combination_3_ABCDF,BC,20,RandomForest,0.5896924682354353,0.08982279559243692
combination_3_ABCDF,BD,20,KNN,0.7276510741955563,0.11699330611146497
combination_3_ABCDF,BD,20,MICE,0.6981778049579391,0.11295160126060391
combination_3_ABCDF,BD,20,RandomForest,0.6213505696569126,0.10388397676060528
combination_3_ABCDF,BF,20,KNN,0.6865100332478017,0.08872421296364115
combination_3_ABCDF,BF,20,MICE,0.6604914064942762,0.08583523543401134
combination_3_ABCDF,BF,20,RandomForest,0.5836648607692535,0.07512233971940516
combination_3_ABCDF,CD,20,KNN,0.789487082230338,0.139970776515794
combination_3_ABCDF,CD,20,MICE,0.7464462082563602,0.13269381450237874
combination_3_ABCDF,CD,20,RandomForest,0.7419821783644157,0.13214548588257305
combination_3_ABCDF,CF,20,KNN,0.7535203791040708,0.11022240885162722
combination_3_ABCDF,CF,20,MICE,0.6287864130833862,0.09199935060211219
combination_3_ABCDF,CF,20,RandomForest,0.6896984628773808,0.10072469070747195
combination_3_ABCDF,DF,20,KNN,0.7097025224766786,0.11229252609122817
combination_3_ABCDF,DF,20,MICE,0.6259466266902132,0.09964369143794397
combination_3_ABCDF,DF,20,RandomForest,0.6616088689225152,0.10476874453207782
combination_3_ABCDF,ABC,20,KNN,0.6950317533232783,0.11069312178111765
combination_3_ABCDF,ABC,20,MICE,0.678418799551231,0.10710073071657056
combination_3_ABCDF,ABC,20,RandomForest,0.5530042071810715,0.08755125237329141
combination_3_ABCDF,ABD,20,KNN,0.6658647014479918,0.11015587005737568
combination_3_ABCDF,ABD,20,MICE,0.6659421137337768,0.10981493298570658
combination_3_ABCDF,ABD,20,RandomForest,0.5348492872425619,0.08857770333252456
combination_3_ABCDF,ABF,20,KNN,0.6771534860881923,0.09742182790184689
combination_3_ABCDF,ABF,20,MICE,0.6544809137714914,0.09332796517916676
combination_3_ABCDF,ABF,20,RandomForest,0.6702406967878596,0.0941637449622372
combination_3_ABCDF,ACD,20,KNN,0.6245960793727741,0.11203067755808484
combination_3_ABCDF,ACD,20,MICE,0.5502599151972905,0.09989002405025899
combination_3_ABCDF,ACD,20,RandomForest,0.5920262725820631,0.10696973484190629
combination_3_ABCDF,ACF,20,KNN,0.6751525595492784,0.10475349054111628
combination_3_ABCDF,ACF,20,MICE,0.5875555324256039,0.09052621501161154
combination_3_ABCDF,ACF,20,RandomForest,0.6528990191140477,0.10084893225579906
combination_3_ABCDF,ADF,20,KNN,0.6158197333719281,0.10138060082818125
combination_3_ABCDF,ADF,20,MICE,0.6188894353626854,0.10102685590257342
combination_3_ABCDF,ADF,20,RandomForest,0.6300629822846511,0.10187267754880695
combination_3_ABCDF,BCD,20,KNN,0.6837890744721652,0.11084549324434277
combination_3_ABCDF,BCD,20,MICE,0.6974652077916864,0.11175559018238453
combination_3_ABCDF,BCD,20,RandomForest,0.5785548425325314,0.09501613795957874
combination_3_ABCDF,BCF,20,KNN,0.7509702699446748,0.10686299223117546
combination_3_ABCDF,BCF,20,MICE,0.7276364637849404,0.10128534268290056
combination_3_ABCDF,BCF,20,RandomForest,0.6783435903665171,0.09542866473896376
combination_3_ABCDF,BDF,20,KNN,0.7257078406077611,0.10766998690114384
combination_3_ABCDF,BDF,20,MICE,0.7469781963129397,0.11042538671414907
combination_3_ABCDF,BDF,20,RandomForest,0.7315550986030858,0.10914817896152348
combination_3_ABCDF,CDF,20,KNN,0.7578988119757448,0.12199404898905475
combination_3_ABCDF,CDF,20,MICE,0.7560462491814117,0.12065113703876978
combination_3_ABCDF,CDF,20,RandomForest,0.7619664071762255,0.12172884984295052
combination_3_ABCDF,ABCD,20,KNN,0.6471080788881036,0.10722198004971636
combination_3_ABCDF,ABCD,20,MICE,0.6445157169073229,0.10607080994237546
combination_3_ABCDF,ABCD,20,RandomForest,0.5585982913093414,0.09310197207749163
combination_3_ABCDF,ABCF,20,KNN,0.6957454061056483,0.10383214633441651
combination_3_ABCDF,ABCF,20,MICE,0.7185870907266138,0.10662109343639284
combination_3_ABCDF,ABCF,20,RandomForest,0.6347323833672563,0.09283839288661172
combination_3_ABCDF,ABDF,20,KNN,0.6801331315760419,0.1041848171231176
combination_3_ABCDF,ABDF,20,MICE,0.7064147700936441,0.10858651758859739
combination_3_ABCDF,ABDF,20,RandomForest,0.6233461720437427,0.09414501655466659
combination_3_ABCDF,ACDF,20,KNN,0.6373175761714687,0.10328681424780088
combination_3_ABCDF,ACDF,20,MICE,0.5856020457215168,0.09519065563221056
combination_3_ABCDF,ACDF,20,RandomForest,0.6408929843943654,0.10374330819183504
combination_3_ABCDF,BCDF,20,KNN,0.7130140717921648,0.10781158292852286
combination_3_ABCDF,BCDF,20,MICE,0.733641267751344,0.11075125923768865
combination_3_ABCDF,BCDF,20,RandomForest,0.6445196925626642,0.09797142503499312
combination_3_ABCDF,ABCDF,20,KNN,0.6996439578240856,0.10855534921176069
combination_3_ABCDF,ABCDF,20,MICE,0.677208835301653,0.10398542057566125
combination_3_ABCDF,ABCDF,20,RandomForest,0.6277417426537644,0.09632914430248615
